seq_id,scan,subset,sched_key,sched_name,sched_type,total_steps,abs_rel,rmse,rot_err_deg,trans_err_deg,recurrent_flops_gflops
scan1_subset_middle,scan1,subset_middle,fixed_16,Fixed i=16,fixed,16,0.0042797305310765,7.344129999478658,0.0,14.145897116705752,4626.159807999999
scan1_subset_middle,scan1,subset_middle,fixed_15,Fixed i=15,fixed,15,0.0041162559452156,7.249020059903462,0.0,15.189537348681135,4337.024819999999
scan1_subset_middle,scan1,subset_middle,fixed_14,Fixed i=14,fixed,14,0.0038792686148857,7.153646032015483,0.0,6.549217172229818,4047.889831999999
scan1_subset_middle,scan1,subset_middle,fixed_13,Fixed i=13,fixed,13,0.0036197270189101,7.055906534194946,0.0,11.813970740375018,3758.754843999999
scan1_subset_middle,scan1,subset_middle,varA_skip_16,VarA: Skip 16,variantA,16,0.0035709704582889,7.130852977434794,0.0,11.12352687413741,4437.601134999999
scan1_subset_middle,scan1,subset_middle,varA_skip_15,VarA: Skip 15,variantA,16,0.0039128494293739,7.236260573069255,0.0,25.275424516578948,4437.601134999999
scan1_subset_middle,scan1,subset_middle,varA_skip_15_16,"VarA: Skip {15,16}",variantA,16,0.0033817401854321,7.171442627906799,0.0,11.594745289088486,4249.042461999999
scan1_subset_middle,scan1,subset_middle,varA_skip_14_16,"VarA: Skip {14,16}",variantA,16,0.0036685020895674,7.218345284461975,0.0,14.114289197915376,4249.042461999999
scan1_subset_middle,scan1,subset_middle,varA_skip_even_after_10,"VarA: Skip {12,14,16}",variantA,16,0.003905650267067,7.313585599263509,0.0,24.438513931483985,4060.483788999999
scan1_subset_middle,scan1,subset_middle,varA_skip_13_15,"VarA: Skip {13,15}",variantA,16,0.0039870211621746,7.278124809265137,0.0,18.562687386255448,4249.042461999999
scan1_subset_middle,scan1,subset_middle,varB_reuse_16_a0.5,VarB: reuse_16 (α=0.5),variantB,16,0.0039012534931922,7.217945575714111,0.0,18.16721385710258,4437.601134999999
scan1_subset_middle,scan1,subset_middle,varB_reuse_16_a0.75,VarB: reuse_16 (α=0.75),variantB,16,0.0041043550008907,7.274107376734416,0.0,20.98322180668876,4437.601134999999
scan1_subset_middle,scan1,subset_middle,varB_reuse_16_a1.0,VarB: reuse_16 (α=1.0),variantB,16,0.0043377137432495,7.352287491162618,0.0,2.749925691496792,4437.601134999999
scan1_subset_middle,scan1,subset_middle,varB_reuse_15_a0.5,VarB: reuse_15 (α=0.5),variantB,16,0.004050649741354,7.272260745366414,0.0,14.539257671699325,4437.601134999999
scan1_subset_middle,scan1,subset_middle,varB_reuse_15_a0.75,VarB: reuse_15 (α=0.75),variantB,16,0.0041252912099783,7.301983833312988,0.0,23.638144867342053,4437.601134999999
scan1_subset_middle,scan1,subset_middle,varB_reuse_15_a1.0,VarB: reuse_15 (α=1.0),variantB,16,0.004195734198826,7.32915186882019,0.0,10.086259208657642,4437.601134999999
scan1_subset_middle,scan1,subset_middle,varB_reuse_15_16_a0.5,VarB: reuse_15_16 (α=0.5),variantB,16,0.0035984478890895,7.14843491713206,0.0,18.73715083707728,4249.042461999999
scan1_subset_middle,scan1,subset_middle,varB_reuse_15_16_a0.75,VarB: reuse_15_16 (α=0.75),variantB,16,0.0038653102237731,7.224544127782186,0.0,13.32284792917712,4249.042461999999
scan1_subset_middle,scan1,subset_middle,varB_reuse_15_16_a1.0,VarB: reuse_15_16 (α=1.0),variantB,16,0.0041987068640689,7.335201342900594,0.0,26.26183812420857,4249.042461999999
scan1_subset_middle,scan1,subset_middle,varB_reuse_14_16_a0.5,VarB: reuse_14_16 (α=0.5),variantB,16,0.0039308096747845,7.2344865798950195,0.0,13.892914584917818,4249.042461999999
scan1_subset_middle,scan1,subset_middle,varB_reuse_14_16_a0.75,VarB: reuse_14_16 (α=0.75),variantB,16,0.0040895914038022,7.2799946864446,0.0,14.599248503840014,4249.042461999999
scan1_subset_middle,scan1,subset_middle,varB_reuse_14_16_a1.0,VarB: reuse_14_16 (α=1.0),variantB,16,0.0042758729541674,7.357629577318828,0.0,9.824995259264057,4249.042461999999
scan1_subset_middle,scan1,subset_middle,varB_reuse_even_after_10_a0.5,VarB: reuse_even_after_10 (α=0.5),variantB,16,0.0036645234019185,7.14271080493927,0.0,11.521349854962628,4060.483788999999
scan1_subset_middle,scan1,subset_middle,varB_reuse_even_after_10_a0.75,VarB: reuse_even_after_10 (α=0.75),variantB,16,0.0039275202046458,7.21337612469991,0.0,26.630485596255056,4060.483788999999
scan1_subset_middle,scan1,subset_middle,varB_reuse_even_after_10_a1.0,VarB: reuse_even_after_10 (α=1.0),variantB,16,0.004433045668217,7.3995522658030195,0.0,17.80307458560604,4060.483788999999
scan1_subset_middle,scan1,subset_middle,varC_frozen_kv_16,VarC: Freeze K/V 16,variantC,16,0.004322051264656,7.34786331653595,0.0,26.762813325495863,4612.330084999999
scan1_subset_middle,scan1,subset_middle,varC_frozen_kv_15,VarC: Freeze K/V 15,variantC,16,0.0043383040853465,7.3551589250564575,0.0,16.425779861692842,4612.330085
scan1_subset_middle,scan1,subset_middle,varC_frozen_kv_15_16,"VarC: Freeze K/V {15,16}",variantC,16,0.0041943486624707,7.318934361139934,0.0,24.43003891181056,4598.500361999999
scan1_subset_middle,scan1,subset_middle,varC_frozen_kv_14_16,"VarC: Freeze K/V {14,16}",variantC,16,0.004588843594926,7.446396430333455,0.0,11.519447718426578,4598.500362
scan1_subset_middle,scan1,subset_middle,varC_frozen_kv_even_after_10,"VarC: Freeze K/V {12,14,16}",variantC,16,0.004594046389684,7.4218833446502686,0.0,13.817277283492508,4584.670638999999
scan1_subset_uniform,scan1,subset_uniform,fixed_16,Fixed i=16,fixed,16,0.0032161666313186,5.940981189409892,0.0,17.491902817473143,4626.159807999999
scan1_subset_uniform,scan1,subset_uniform,fixed_15,Fixed i=15,fixed,15,0.0031709329147512,5.895592888196309,0.0,14.20183488079775,4337.024819999999
scan1_subset_uniform,scan1,subset_uniform,fixed_14,Fixed i=14,fixed,14,0.0031030065535257,5.861553072929382,0.0,22.649973064077077,4047.889831999999
scan1_subset_uniform,scan1,subset_uniform,fixed_13,Fixed i=13,fixed,13,0.003040605961966,5.849149664243062,0.0,23.84427252376059,3758.754843999999
scan1_subset_uniform,scan1,subset_uniform,varA_skip_16,VarA: Skip 16,variantA,16,0.0031084578561907,5.937223315238953,1.1944405724589888,30.975947124191777,4437.601134999999
scan1_subset_uniform,scan1,subset_uniform,varA_skip_15,VarA: Skip 15,variantA,16,0.0030511158596103,5.891560475031535,0.0,18.200623638492942,4437.601134999999
scan1_subset_uniform,scan1,subset_uniform,varA_skip_15_16,"VarA: Skip {15,16}",variantA,16,0.0035492790242036,6.210125048955281,0.0,26.049955926692597,4249.042461999999
scan1_subset_uniform,scan1,subset_uniform,varA_skip_14_16,"VarA: Skip {14,16}",variantA,16,0.0033423001877963,6.06381352742513,0.0,8.470856068362918,4249.042461999999
scan1_subset_uniform,scan1,subset_uniform,varA_skip_even_after_10,"VarA: Skip {12,14,16}",variantA,16,0.0036995192446435,6.233269135157268,0.0,27.65075742988273,4060.483788999999
scan1_subset_uniform,scan1,subset_uniform,varA_skip_13_15,"VarA: Skip {13,15}",variantA,16,0.0032736246163646,5.976133584976196,0.0,6.085515985216671,4249.042461999999
scan1_subset_uniform,scan1,subset_uniform,varB_reuse_16_a0.5,VarB: reuse_16 (α=0.5),variantB,16,0.0030819348758086,5.890325268109639,0.0,20.03719013616863,4437.601134999999
scan1_subset_uniform,scan1,subset_uniform,varB_reuse_16_a0.75,VarB: reuse_16 (α=0.75),variantB,16,0.0031427759677171,5.910694678624471,0.0,20.19189810080289,4437.601134999999
scan1_subset_uniform,scan1,subset_uniform,varB_reuse_16_a1.0,VarB: reuse_16 (α=1.0),variantB,16,0.0032318697000543,5.938157717386882,0.0,21.447508673529757,4437.601134999999
scan1_subset_uniform,scan1,subset_uniform,varB_reuse_15_a0.5,VarB: reuse_15 (α=0.5),variantB,16,0.0030861528745541,5.890249411265056,0.0,17.22751645777265,4437.601134999999
scan1_subset_uniform,scan1,subset_uniform,varB_reuse_15_a0.75,VarB: reuse_15 (α=0.75),variantB,16,0.0031336045746381,5.9084551731745405,0.0,13.202822224405155,4437.601134999999
scan1_subset_uniform,scan1,subset_uniform,varB_reuse_15_a1.0,VarB: reuse_15 (α=1.0),variantB,16,0.0031964648903037,5.924302935600281,0.0,12.074292763993377,4437.601134999999
scan1_subset_uniform,scan1,subset_uniform,varB_reuse_15_16_a0.5,VarB: reuse_15_16 (α=0.5),variantB,16,0.0031264887657016,5.940014123916626,0.0,16.47684928394526,4249.042461999999
scan1_subset_uniform,scan1,subset_uniform,varB_reuse_15_16_a0.75,VarB: reuse_15_16 (α=0.75),variantB,16,0.0031250546841571,5.9108437697092695,0.0,21.325699898071488,4249.042461999999
scan1_subset_uniform,scan1,subset_uniform,varB_reuse_15_16_a1.0,VarB: reuse_15_16 (α=1.0),variantB,16,0.0032524026852721,5.941456596056621,0.0,18.62386115735692,4249.042461999999
scan1_subset_uniform,scan1,subset_uniform,varB_reuse_14_16_a0.5,VarB: reuse_14_16 (α=0.5),variantB,16,0.0031253530954321,5.9085062344868975,0.0,19.10217446688225,4249.042461999999
scan1_subset_uniform,scan1,subset_uniform,varB_reuse_14_16_a0.75,VarB: reuse_14_16 (α=0.75),variantB,16,0.0031499029525245,5.90706209341685,0.0,18.1806817361658,4249.042461999999
scan1_subset_uniform,scan1,subset_uniform,varB_reuse_14_16_a1.0,VarB: reuse_14_16 (α=1.0),variantB,16,0.0032373130864774,5.939355492591858,0.0,20.68362472791937,4249.042461999999
scan1_subset_uniform,scan1,subset_uniform,varB_reuse_even_after_10_a0.5,VarB: reuse_even_after_10 (α=0.5),variantB,16,0.0032505705797423,5.985559582710266,0.0,4.847214534802701,4060.483788999999
scan1_subset_uniform,scan1,subset_uniform,varB_reuse_even_after_10_a0.75,VarB: reuse_even_after_10 (α=0.75),variantB,16,0.0032083921832963,5.927931666374207,0.0,24.47064395953947,4060.483788999999
scan1_subset_uniform,scan1,subset_uniform,varB_reuse_even_after_10_a1.0,VarB: reuse_even_after_10 (α=1.0),variantB,16,0.0035098348356162,6.019785205523173,0.0,17.30575497626773,4060.483788999999
scan1_subset_uniform,scan1,subset_uniform,varC_frozen_kv_16,VarC: Freeze K/V 16,variantC,16,0.0032545229187235,5.938143690427144,0.0,13.522241428173894,4612.330084999999
scan1_subset_uniform,scan1,subset_uniform,varC_frozen_kv_15,VarC: Freeze K/V 15,variantC,16,0.0032458328641951,5.953089396158855,0.0,16.069971998027643,4612.330085
scan1_subset_uniform,scan1,subset_uniform,varC_frozen_kv_15_16,"VarC: Freeze K/V {15,16}",variantC,16,0.0033037980319932,5.951817870140076,0.0,15.95416752803225,4598.500361999999
scan1_subset_uniform,scan1,subset_uniform,varC_frozen_kv_14_16,"VarC: Freeze K/V {14,16}",variantC,16,0.0033312938564146,5.966508428255717,0.0,18.901681769889837,4598.500362
scan1_subset_uniform,scan1,subset_uniform,varC_frozen_kv_even_after_10,"VarC: Freeze K/V {12,14,16}",variantC,16,0.0033247208921238,5.939027150472005,0.0,6.334957624208905,4584.670638999999
scan4_subset_middle,scan4,subset_middle,fixed_16,Fixed i=16,fixed,16,0.0076779428248604,19.52498769760132,0.0,17.029278221240965,4626.159807999999
scan4_subset_middle,scan4,subset_middle,fixed_15,Fixed i=15,fixed,15,0.0076617040516187,19.538897196451824,0.0,13.788872483299032,4337.024819999999
scan4_subset_middle,scan4,subset_middle,fixed_14,Fixed i=14,fixed,14,0.0076101866240302,19.60650571187337,0.0,6.196536156715781,4047.889831999999
scan4_subset_middle,scan4,subset_middle,fixed_13,Fixed i=13,fixed,13,0.0076365034716824,19.770814577738445,0.0,21.690673688839865,3758.754843999999
scan4_subset_middle,scan4,subset_middle,varA_skip_16,VarA: Skip 16,variantA,16,0.0074896194661657,19.59827041625977,0.0,7.038150340910509,4437.601134999999
scan4_subset_middle,scan4,subset_middle,varA_skip_15,VarA: Skip 15,variantA,16,0.0076825635818143,19.45547087987264,0.0,12.68192828829435,4437.601134999999
scan4_subset_middle,scan4,subset_middle,varA_skip_15_16,"VarA: Skip {15,16}",variantA,16,0.0077157594108333,19.74167458216349,0.0,11.62226061722513,4249.042461999999
scan4_subset_middle,scan4,subset_middle,varA_skip_14_16,"VarA: Skip {14,16}",variantA,16,0.0077101332135498,19.494571844736736,0.0,21.78412130438884,4249.042461999999
scan4_subset_middle,scan4,subset_middle,varA_skip_even_after_10,"VarA: Skip {12,14,16}",variantA,16,0.0078469354969759,19.571790377298992,0.0,15.11133445744884,4060.483788999999
scan4_subset_middle,scan4,subset_middle,varA_skip_13_15,"VarA: Skip {13,15}",variantA,16,0.0077457129179189,19.45841900507609,0.0,23.44217751752032,4249.042461999999
scan4_subset_middle,scan4,subset_middle,varB_reuse_16_a0.5,VarB: reuse_16 (α=0.5),variantB,16,0.007565461564809,19.53772258758545,0.0,11.722116204195617,4437.601134999999
scan4_subset_middle,scan4,subset_middle,varB_reuse_16_a0.75,VarB: reuse_16 (α=0.75),variantB,16,0.0076425953302532,19.51193078358968,0.0,6.704775797793914,4437.601134999999
scan4_subset_middle,scan4,subset_middle,varB_reuse_16_a1.0,VarB: reuse_16 (α=1.0),variantB,16,0.0077414363622665,19.500189463297527,0.0,18.398853790855416,4437.601134999999
scan4_subset_middle,scan4,subset_middle,varB_reuse_15_a0.5,VarB: reuse_15 (α=0.5),variantB,16,0.0076715465014179,19.478986899058025,0.0,10.62130564357426,4437.601134999999
scan4_subset_middle,scan4,subset_middle,varB_reuse_15_a0.75,VarB: reuse_15 (α=0.75),variantB,16,0.0076927090995013,19.50418217976888,0.0,17.309635057324826,4437.601134999999
scan4_subset_middle,scan4,subset_middle,varB_reuse_15_a1.0,VarB: reuse_15 (α=1.0),variantB,16,0.0076973397905627,19.514168580373127,0.0,14.185277452819532,4437.601134999999
scan4_subset_middle,scan4,subset_middle,varB_reuse_15_16_a0.5,VarB: reuse_15_16 (α=0.5),variantB,16,0.0075445257437725,19.54849100112915,0.0,22.836611060290185,4249.042461999999
scan4_subset_middle,scan4,subset_middle,varB_reuse_15_16_a0.75,VarB: reuse_15_16 (α=0.75),variantB,16,0.0077204569242894,19.49682680765788,0.0,25.625948223958417,4249.042461999999
scan4_subset_middle,scan4,subset_middle,varB_reuse_15_16_a1.0,VarB: reuse_15_16 (α=1.0),variantB,16,0.0080014189394811,19.46116367975871,0.0,8.088337158016271,4249.042461999999
scan4_subset_middle,scan4,subset_middle,varB_reuse_14_16_a0.5,VarB: reuse_14_16 (α=0.5),variantB,16,0.0078387325629591,19.43340412775676,0.0,10.039794632353235,4249.042461999999
scan4_subset_middle,scan4,subset_middle,varB_reuse_14_16_a0.75,VarB: reuse_14_16 (α=0.75),variantB,16,0.0078646899200975,19.44610611597697,0.0,7.480831745261597,4249.042461999999
scan4_subset_middle,scan4,subset_middle,varB_reuse_14_16_a1.0,VarB: reuse_14_16 (α=1.0),variantB,16,0.0078642352018505,19.471072514851887,0.0,11.559019415452305,4249.042461999999
scan4_subset_middle,scan4,subset_middle,varB_reuse_even_after_10_a0.5,VarB: reuse_even_after_10 (α=0.5),variantB,16,0.0076604596494386,19.476295948028564,0.0,24.62012969315778,4060.483788999999
scan4_subset_middle,scan4,subset_middle,varB_reuse_even_after_10_a0.75,VarB: reuse_even_after_10 (α=0.75),variantB,16,0.0077493999463816,19.46920728683472,0.0,24.45351265337536,4060.483788999999
scan4_subset_middle,scan4,subset_middle,varB_reuse_even_after_10_a1.0,VarB: reuse_even_after_10 (α=1.0),variantB,16,0.0081414422796418,19.43435843785604,0.0,12.967990893656106,4060.483788999999
scan4_subset_middle,scan4,subset_middle,varC_frozen_kv_16,VarC: Freeze K/V 16,variantC,16,0.0078033981844782,19.49344603220622,0.0,17.297572249559497,4612.330084999999
scan4_subset_middle,scan4,subset_middle,varC_frozen_kv_15,VarC: Freeze K/V 15,variantC,16,0.0078420060841987,19.49464686711629,0.0,16.55902063959399,4612.330085
scan4_subset_middle,scan4,subset_middle,varC_frozen_kv_15_16,"VarC: Freeze K/V {15,16}",variantC,16,0.0081930238132675,19.472506682078045,0.0,16.58050448380669,4598.500361999999
scan4_subset_middle,scan4,subset_middle,varC_frozen_kv_14_16,"VarC: Freeze K/V {14,16}",variantC,16,0.0082077149612208,19.44473107655843,0.0,9.778736842614792,4598.500362
scan4_subset_middle,scan4,subset_middle,varC_frozen_kv_even_after_10,"VarC: Freeze K/V {12,14,16}",variantC,16,0.0084398550291856,19.355827649434406,0.0,16.6515389669964,4584.670638999999
scan4_subset_uniform,scan4,subset_uniform,fixed_16,Fixed i=16,fixed,16,0.0070365540062387,15.331679026285808,0.0,17.932847112619225,4626.159807999999
scan4_subset_uniform,scan4,subset_uniform,fixed_15,Fixed i=15,fixed,15,0.00708039283442,15.341914653778076,0.0,25.242769497772304,4337.024819999999
scan4_subset_uniform,scan4,subset_uniform,fixed_14,Fixed i=14,fixed,14,0.0072813040266434,15.461987336476644,0.0,8.400102103176854,4047.889831999999
scan4_subset_uniform,scan4,subset_uniform,fixed_13,Fixed i=13,fixed,13,0.0077185029319177,15.697071075439451,0.0,7.524946247350368,3758.754843999999
scan4_subset_uniform,scan4,subset_uniform,varA_skip_16,VarA: Skip 16,variantA,16,0.0073673297495891,15.428925355275473,0.0,28.04471838340608,4437.601134999999
scan4_subset_uniform,scan4,subset_uniform,varA_skip_15,VarA: Skip 15,variantA,16,0.006954948650673,15.19794543584188,0.0,20.18046205182867,4437.601134999999
scan4_subset_uniform,scan4,subset_uniform,varA_skip_15_16,"VarA: Skip {15,16}",variantA,16,0.0080306519133349,15.622588475545248,1.1944405724589888,18.030357988139794,4249.042461999999
scan4_subset_uniform,scan4,subset_uniform,varA_skip_14_16,"VarA: Skip {14,16}",variantA,16,0.0073821643988291,15.231364250183104,0.0,25.335712461948532,4249.042461999999
scan4_subset_uniform,scan4,subset_uniform,varA_skip_even_after_10,"VarA: Skip {12,14,16}",variantA,16,0.0077041545106718,15.21612024307251,1.1944405724589888,20.05260340073916,4060.483788999999
scan4_subset_uniform,scan4,subset_uniform,varA_skip_13_15,"VarA: Skip {13,15}",variantA,16,0.0070767127908766,15.099403222401936,0.0,12.232606499326977,4249.042461999999
scan4_subset_uniform,scan4,subset_uniform,varB_reuse_16_a0.5,VarB: reuse_16 (α=0.5),variantB,16,0.0071217333897948,15.342931747436523,0.0,23.7640498442051,4437.601134999999
scan4_subset_uniform,scan4,subset_uniform,varB_reuse_16_a0.75,VarB: reuse_16 (α=0.75),variantB,16,0.0070266061617682,15.305307229359943,0.0,28.393881033297813,4437.601134999999
scan4_subset_uniform,scan4,subset_uniform,varB_reuse_16_a1.0,VarB: reuse_16 (α=1.0),variantB,16,0.0069690470894177,15.282732804616291,0.0,21.11899887928865,4437.601134999999
scan4_subset_uniform,scan4,subset_uniform,varB_reuse_15_a0.5,VarB: reuse_15 (α=0.5),variantB,16,0.0069597885012626,15.258064270019531,0.0,17.173877025655937,4437.601134999999
scan4_subset_uniform,scan4,subset_uniform,varB_reuse_15_a0.75,VarB: reuse_15 (α=0.75),variantB,16,0.0069924284859249,15.282829443613688,0.0,16.393715503060317,4437.601134999999
scan4_subset_uniform,scan4,subset_uniform,varB_reuse_15_a1.0,VarB: reuse_15 (α=1.0),variantB,16,0.0070358957940091,15.314885457356771,0.0,16.904579599859648,4437.601134999999
scan4_subset_uniform,scan4,subset_uniform,varB_reuse_15_16_a0.5,VarB: reuse_15_16 (α=0.5),variantB,16,0.0072379783572008,15.341913064320885,0.0,22.885333218665213,4249.042461999999
scan4_subset_uniform,scan4,subset_uniform,varB_reuse_15_16_a0.75,VarB: reuse_15_16 (α=0.75),variantB,16,0.0070094583400835,15.256938934326172,0.0,7.556405903010987,4249.042461999999
scan4_subset_uniform,scan4,subset_uniform,varB_reuse_15_16_a1.0,VarB: reuse_15_16 (α=1.0),variantB,16,0.0068802427655706,15.192708810170492,0.0,22.354258334201024,4249.042461999999
scan4_subset_uniform,scan4,subset_uniform,varB_reuse_14_16_a0.5,VarB: reuse_14_16 (α=0.5),variantB,16,0.0069321226328611,15.151125113169352,0.0,5.848545400088281,4249.042461999999
scan4_subset_uniform,scan4,subset_uniform,varB_reuse_14_16_a0.75,VarB: reuse_14_16 (α=0.75),variantB,16,0.0068850502527008,15.175485610961914,0.0,4.204541118341868,4249.042461999999
scan4_subset_uniform,scan4,subset_uniform,varB_reuse_14_16_a1.0,VarB: reuse_14_16 (α=1.0),variantB,16,0.0069623669454207,15.248589992523192,0.0,14.85333957177285,4249.042461999999
scan4_subset_uniform,scan4,subset_uniform,varB_reuse_even_after_10_a0.5,VarB: reuse_even_after_10 (α=0.5),variantB,16,0.0070413315358261,15.14288091659546,0.0,7.383760492021044,4060.483788999999
scan4_subset_uniform,scan4,subset_uniform,varB_reuse_even_after_10_a0.75,VarB: reuse_even_after_10 (α=0.75),variantB,16,0.0069009175834556,15.137288888295492,0.0,9.250618691902751,4060.483788999999
scan4_subset_uniform,scan4,subset_uniform,varB_reuse_even_after_10_a1.0,VarB: reuse_even_after_10 (α=1.0),variantB,16,0.0067781687248498,15.073954582214355,0.0,22.707514579709223,4060.483788999999
scan4_subset_uniform,scan4,subset_uniform,varC_frozen_kv_16,VarC: Freeze K/V 16,variantC,16,0.006942511924232,15.27346388498942,0.0,19.015643654061005,4612.330084999999
scan4_subset_uniform,scan4,subset_uniform,varC_frozen_kv_15,VarC: Freeze K/V 15,variantC,16,0.0069644757701704,15.27513074874878,0.0,20.994578801559424,4612.330085
scan4_subset_uniform,scan4,subset_uniform,varC_frozen_kv_15_16,"VarC: Freeze K/V {15,16}",variantC,16,0.0068387553716699,15.180931886037191,0.0,4.2564168319749385,4598.500361999999
scan4_subset_uniform,scan4,subset_uniform,varC_frozen_kv_14_16,"VarC: Freeze K/V {14,16}",variantC,16,0.0069119385443627,15.199950218200684,0.0,11.266182952194235,4598.500362
scan4_subset_uniform,scan4,subset_uniform,varC_frozen_kv_even_after_10,"VarC: Freeze K/V {12,14,16}",variantC,16,0.0068302725752194,15.080382347106934,0.0,7.521036622167721,4584.670638999999
scan9_subset_middle,scan9,subset_middle,fixed_16,Fixed i=16,fixed,16,0.0077461777254939,10.47690725326538,0.0,14.493485861561048,4626.159807999999
scan9_subset_middle,scan9,subset_middle,fixed_15,Fixed i=15,fixed,15,0.0081985553260892,10.80796241760254,0.0,19.76486090679365,4337.024819999999
scan9_subset_middle,scan9,subset_middle,fixed_14,Fixed i=14,fixed,14,0.0090724617863694,11.438968181610107,0.0,7.42540504473816,4047.889831999999
scan9_subset_middle,scan9,subset_middle,fixed_13,Fixed i=13,fixed,13,0.0106957289390265,12.656262397766112,0.0,8.10157009813769,3758.754843999999
scan9_subset_middle,scan9,subset_middle,varA_skip_16,VarA: Skip 16,variantA,16,0.0087622046315421,11.076183160146078,0.0,12.831028881063444,4437.601134999999
scan9_subset_middle,scan9,subset_middle,varA_skip_15,VarA: Skip 15,variantA,16,0.0081583127224197,10.708574612935385,0.0,14.597572821870166,4437.601134999999
scan9_subset_middle,scan9,subset_middle,varA_skip_15_16,"VarA: Skip {15,16}",variantA,16,0.0103348999594648,12.08960771560669,0.0,11.13990698400147,4249.042461999999
scan9_subset_middle,scan9,subset_middle,varA_skip_14_16,"VarA: Skip {14,16}",variantA,16,0.0091207611064116,11.24239190419515,0.0,8.195230009839891,4249.042461999999
scan9_subset_middle,scan9,subset_middle,varA_skip_even_after_10,"VarA: Skip {12,14,16}",variantA,16,0.0106009064863125,12.28220828374227,0.0,10.908587473276768,4060.483788999999
scan9_subset_middle,scan9,subset_middle,varA_skip_13_15,"VarA: Skip {13,15}",variantA,16,0.0090624388928214,11.23684279123942,0.0,26.00499570844636,4249.042461999999
scan9_subset_middle,scan9,subset_middle,varB_reuse_16_a0.5,VarB: reuse_16 (α=0.5),variantB,16,0.0081083124969154,10.670617898305258,0.0,23.198162534971463,4437.601134999999
scan9_subset_middle,scan9,subset_middle,varB_reuse_16_a0.75,VarB: reuse_16 (α=0.75),variantB,16,0.0078169884315381,10.492168108622232,0.0,14.65707961771428,4437.601134999999
scan9_subset_middle,scan9,subset_middle,varB_reuse_16_a1.0,VarB: reuse_16 (α=1.0),variantB,16,0.0075794594207157,10.364999453226725,0.0,7.364671918666382,4437.601134999999
scan9_subset_middle,scan9,subset_middle,varB_reuse_15_a0.5,VarB: reuse_15 (α=0.5),variantB,16,0.0079116385119656,10.555665175120035,0.0,16.979853549450677,4437.601134999999
scan9_subset_middle,scan9,subset_middle,varB_reuse_15_a0.75,VarB: reuse_15 (α=0.75),variantB,16,0.0077950411941856,10.488882064819336,0.0,18.74236319188871,4437.601134999999
scan9_subset_middle,scan9,subset_middle,varB_reuse_15_a1.0,VarB: reuse_15 (α=1.0),variantB,16,0.0076946624709914,10.4271453221639,0.0,18.092956187188545,4437.601134999999
scan9_subset_middle,scan9,subset_middle,varB_reuse_15_16_a0.5,VarB: reuse_15_16 (α=0.5),variantB,16,0.0085063303510348,10.89175001780192,0.0,15.21894828554282,4249.042461999999
scan9_subset_middle,scan9,subset_middle,varB_reuse_15_16_a0.75,VarB: reuse_15_16 (α=0.75),variantB,16,0.0078160532284528,10.485669136047363,0.0,7.728955669118861,4249.042461999999
scan9_subset_middle,scan9,subset_middle,varB_reuse_15_16_a1.0,VarB: reuse_15_16 (α=1.0),variantB,16,0.0073655896509687,10.20877726872762,0.0,11.773127916685633,4249.042461999999
scan9_subset_middle,scan9,subset_middle,varB_reuse_14_16_a0.5,VarB: reuse_14_16 (α=0.5),variantB,16,0.0079092623200267,10.52606471379598,0.0,13.153338001903036,4249.042461999999
scan9_subset_middle,scan9,subset_middle,varB_reuse_14_16_a0.75,VarB: reuse_14_16 (α=0.75),variantB,16,0.007602552883327,10.33254591623942,0.0,25.537824145004617,4249.042461999999
scan9_subset_middle,scan9,subset_middle,varB_reuse_14_16_a1.0,VarB: reuse_14_16 (α=1.0),variantB,16,0.0074441871450593,10.232944170633951,0.0,16.695823716886316,4249.042461999999
scan9_subset_middle,scan9,subset_middle,varB_reuse_even_after_10_a0.5,VarB: reuse_even_after_10 (α=0.5),variantB,16,0.0087237359645466,11.033409277598064,0.0,23.795588402780197,4060.483788999999
scan9_subset_middle,scan9,subset_middle,varB_reuse_even_after_10_a0.75,VarB: reuse_even_after_10 (α=0.75),variantB,16,0.0081477675897379,10.683554490407309,0.0,7.498019311551602,4060.483788999999
scan9_subset_middle,scan9,subset_middle,varB_reuse_even_after_10_a1.0,VarB: reuse_even_after_10 (α=1.0),variantB,16,0.0075101192730168,10.25902239481608,0.0,25.7126081033426,4060.483788999999
scan9_subset_middle,scan9,subset_middle,varC_frozen_kv_16,VarC: Freeze K/V 16,variantC,16,0.0075508279260247,10.336174647013346,0.0,20.85841207022477,4612.330084999999
scan9_subset_middle,scan9,subset_middle,varC_frozen_kv_15,VarC: Freeze K/V 15,variantC,16,0.0075577871563533,10.312511285146078,0.0,3.8035226406282407,4612.330085
scan9_subset_middle,scan9,subset_middle,varC_frozen_kv_15_16,"VarC: Freeze K/V {15,16}",variantC,16,0.007338346603016,10.191744486490885,0.0,19.24660639412328,4598.500361999999
scan9_subset_middle,scan9,subset_middle,varC_frozen_kv_14_16,"VarC: Freeze K/V {14,16}",variantC,16,0.0072772142011672,10.098820527394611,0.0,22.993936481480446,4598.500362
scan9_subset_middle,scan9,subset_middle,varC_frozen_kv_even_after_10,"VarC: Freeze K/V {12,14,16}",variantC,16,0.0072300115910669,9.958555062611898,0.0,27.5674730735644,4584.670638999999
scan9_subset_uniform,scan9,subset_uniform,fixed_16,Fixed i=16,fixed,16,0.0066480482928454,9.600174029668173,0.0,2.191760747106548,4626.159807999999
scan9_subset_uniform,scan9,subset_uniform,fixed_15,Fixed i=15,fixed,15,0.0068064775938789,9.747047106424969,0.0,12.254344412347235,4337.024819999999
scan9_subset_uniform,scan9,subset_uniform,fixed_14,Fixed i=14,fixed,14,0.0071935481391847,10.019866466522217,0.0,8.132584083954965,4047.889831999999
scan9_subset_uniform,scan9,subset_uniform,fixed_13,Fixed i=13,fixed,13,0.0079872440546751,10.543656826019289,0.0,28.33179333308192,3758.754843999999
scan9_subset_uniform,scan9,subset_uniform,varA_skip_16,VarA: Skip 16,variantA,16,0.0073656875174492,10.117783705393473,0.0,27.62550929766371,4437.601134999999
scan9_subset_uniform,scan9,subset_uniform,varA_skip_15,VarA: Skip 15,variantA,16,0.0069732397484282,9.844971974690756,0.0,10.967753133188358,4437.601134999999
scan9_subset_uniform,scan9,subset_uniform,varA_skip_15_16,"VarA: Skip {15,16}",variantA,16,0.0084334865678101,10.852007706960045,0.0,14.501183235738337,4249.042461999999
scan9_subset_uniform,scan9,subset_uniform,varA_skip_14_16,"VarA: Skip {14,16}",variantA,16,0.0076402196039756,10.277128219604492,0.0,10.888972806379977,4249.042461999999
scan9_subset_uniform,scan9,subset_uniform,varA_skip_even_after_10,"VarA: Skip {12,14,16}",variantA,16,0.0081280044590433,10.56273094813029,0.0,10.301833630348112,4060.483788999999
scan9_subset_uniform,scan9,subset_uniform,varA_skip_13_15,"VarA: Skip {13,15}",variantA,16,0.0072192253234485,9.930415948232016,0.0,7.7473076448134846,4249.042461999999
scan9_subset_uniform,scan9,subset_uniform,varB_reuse_16_a0.5,VarB: reuse_16 (α=0.5),variantB,16,0.0069164050898204,9.825441042582192,0.0,3.7120002401841856,4437.601134999999
scan9_subset_uniform,scan9,subset_uniform,varB_reuse_16_a0.75,VarB: reuse_16 (α=0.75),variantB,16,0.0067378706298768,9.717087189356484,0.0,1.494438471274865,4437.601134999999
scan9_subset_uniform,scan9,subset_uniform,varB_reuse_16_a1.0,VarB: reuse_16 (α=1.0),variantB,16,0.0065869201595584,9.6035266717275,0.0,30.70218426656913,4437.601134999999
scan9_subset_uniform,scan9,subset_uniform,varB_reuse_15_a0.5,VarB: reuse_15 (α=0.5),variantB,16,0.0067907419676582,9.719128449757894,0.0,23.68574373529636,4437.601134999999
scan9_subset_uniform,scan9,subset_uniform,varB_reuse_15_a0.75,VarB: reuse_15 (α=0.75),variantB,16,0.006727858679369,9.681448936462402,0.0,15.481947565446314,4437.601134999999
scan9_subset_uniform,scan9,subset_uniform,varB_reuse_15_a1.0,VarB: reuse_15 (α=1.0),variantB,16,0.0066850273869931,9.639988899230955,0.0,7.701358703324035,4437.601134999999
scan9_subset_uniform,scan9,subset_uniform,varB_reuse_15_16_a0.5,VarB: reuse_15_16 (α=0.5),variantB,16,0.0072026331132898,10.040191173553469,0.0,20.48842066063085,4249.042461999999
scan9_subset_uniform,scan9,subset_uniform,varB_reuse_15_16_a0.75,VarB: reuse_15_16 (α=0.75),variantB,16,0.0067694348593552,9.771709442138672,0.0,30.881984282927714,4249.042461999999
scan9_subset_uniform,scan9,subset_uniform,varB_reuse_15_16_a1.0,VarB: reuse_15_16 (α=1.0),variantB,16,0.0064938944609214,9.577478965123497,0.0,22.07229506964089,4249.042461999999
scan9_subset_uniform,scan9,subset_uniform,varB_reuse_14_16_a0.5,VarB: reuse_14_16 (α=0.5),variantB,16,0.00684521595637,9.74843406677246,0.0,19.731521117055333,4249.042461999999
scan9_subset_uniform,scan9,subset_uniform,varB_reuse_14_16_a0.75,VarB: reuse_14_16 (α=0.75),variantB,16,0.006661119715621,9.61086090405782,0.0,4.372511371566643,4249.042461999999
scan9_subset_uniform,scan9,subset_uniform,varB_reuse_14_16_a1.0,VarB: reuse_14_16 (α=1.0),variantB,16,0.0065996410946051,9.533939043680826,0.0,16.80273891801382,4249.042461999999
scan9_subset_uniform,scan9,subset_uniform,varB_reuse_even_after_10_a0.5,VarB: reuse_even_after_10 (α=0.5),variantB,16,0.0071253362887849,9.97336769104004,1.1944405724589888,30.31513073315688,4060.483788999999
scan9_subset_uniform,scan9,subset_uniform,varB_reuse_even_after_10_a0.75,VarB: reuse_even_after_10 (α=0.75),variantB,16,0.0068252057147522,9.817065556844076,0.0,6.487874887554914,4060.483788999999
scan9_subset_uniform,scan9,subset_uniform,varB_reuse_even_after_10_a1.0,VarB: reuse_even_after_10 (α=1.0),variantB,16,0.0065821155440062,9.642341613769531,0.0,14.466867155835528,4060.483788999999
scan9_subset_uniform,scan9,subset_uniform,varC_frozen_kv_16,VarC: Freeze K/V 16,variantC,16,0.0065584969706833,9.59425409634908,0.0,18.46279932031249,4612.330084999999
scan9_subset_uniform,scan9,subset_uniform,varC_frozen_kv_15,VarC: Freeze K/V 15,variantC,16,0.0065287253043303,9.540135383605955,0.0,20.916422974599374,4612.330085
scan9_subset_uniform,scan9,subset_uniform,varC_frozen_kv_15_16,"VarC: Freeze K/V {15,16}",variantC,16,0.0064020285693307,9.548068841298422,0.0,23.4201907561626,4598.500361999999
scan9_subset_uniform,scan9,subset_uniform,varC_frozen_kv_14_16,"VarC: Freeze K/V {14,16}",variantC,16,0.0063895840818683,9.3489511013031,0.0,14.676595193507254,4598.500362
scan9_subset_uniform,scan9,subset_uniform,varC_frozen_kv_even_after_10,"VarC: Freeze K/V {12,14,16}",variantC,16,0.0065687771420925,9.68009344736735,0.0,4.550608981061548,4584.670638999999
scan24_subset_middle,scan24,subset_middle,fixed_16,Fixed i=16,fixed,16,0.0054339116128782,7.524006207784017,0.0,8.337757559389056,4626.159807999999
scan24_subset_middle,scan24,subset_middle,fixed_15,Fixed i=15,fixed,15,0.0052539338357746,7.506938775380452,0.0,16.941343093067246,4337.024819999999
scan24_subset_middle,scan24,subset_middle,fixed_14,Fixed i=14,fixed,14,0.0051049471755201,7.498070240020752,0.0,7.460005662495533,4047.889831999999
scan24_subset_middle,scan24,subset_middle,fixed_13,Fixed i=13,fixed,13,0.0050513619401802,7.521928548812866,0.0,24.007207371208853,3758.754843999999
scan24_subset_middle,scan24,subset_middle,varA_skip_16,VarA: Skip 16,variantA,16,0.0051668162147204,7.57944393157959,0.0,13.835387369994242,4437.601134999999
scan24_subset_middle,scan24,subset_middle,varA_skip_15,VarA: Skip 15,variantA,16,0.0051797563210129,7.529427766799927,0.0,22.38401106511242,4437.601134999999
scan24_subset_middle,scan24,subset_middle,varA_skip_15_16,"VarA: Skip {15,16}",variantA,16,0.005399473865206,7.808260997136434,0.0,11.66675225603518,4249.042461999999
scan24_subset_middle,scan24,subset_middle,varA_skip_14_16,"VarA: Skip {14,16}",variantA,16,0.0053248710464686,7.738831440607707,0.0,5.849008198765403,4249.042461999999
scan24_subset_middle,scan24,subset_middle,varA_skip_even_after_10,"VarA: Skip {12,14,16}",variantA,16,0.0055029881962885,7.820650100708008,0.0,24.46888066794264,4060.483788999999
scan24_subset_middle,scan24,subset_middle,varA_skip_13_15,"VarA: Skip {13,15}",variantA,16,0.0052784261448929,7.603335618972778,0.0,11.842912564191984,4249.042461999999
scan24_subset_middle,scan24,subset_middle,varB_reuse_16_a0.5,VarB: reuse_16 (α=0.5),variantB,16,0.0052465257467702,7.536435763041179,0.0,17.288518478075623,4437.601134999999
scan24_subset_middle,scan24,subset_middle,varB_reuse_16_a0.75,VarB: reuse_16 (α=0.75),variantB,16,0.0053338831057772,7.53007157643636,0.0,21.51784795374105,4437.601134999999
scan24_subset_middle,scan24,subset_middle,varB_reuse_16_a1.0,VarB: reuse_16 (α=1.0),variantB,16,0.0054498466197401,7.550822416941325,0.0,17.620113685765624,4437.601134999999
scan24_subset_middle,scan24,subset_middle,varB_reuse_15_a0.5,VarB: reuse_15 (α=0.5),variantB,16,0.0052607366815209,7.522195816040039,0.0,26.68939583555081,4437.601134999999
scan24_subset_middle,scan24,subset_middle,varB_reuse_15_a0.75,VarB: reuse_15 (α=0.75),variantB,16,0.0053164139778042,7.512062549591064,0.0,26.31091986358428,4437.601134999999
scan24_subset_middle,scan24,subset_middle,varB_reuse_15_a1.0,VarB: reuse_15 (α=1.0),variantB,16,0.0053711195942014,7.524683952331543,0.0,17.859413009661967,4437.601134999999
scan24_subset_middle,scan24,subset_middle,varB_reuse_15_16_a0.5,VarB: reuse_15_16 (α=0.5),variantB,16,0.0051830527372658,7.59119709332784,0.0,7.598849267695875,4249.042461999999
scan24_subset_middle,scan24,subset_middle,varB_reuse_15_16_a0.75,VarB: reuse_15_16 (α=0.75),variantB,16,0.0052185323632632,7.553979635238647,0.0,7.080386612125331,4249.042461999999
scan24_subset_middle,scan24,subset_middle,varB_reuse_15_16_a1.0,VarB: reuse_15_16 (α=1.0),variantB,16,0.0053431867466618,7.558765729268392,0.0,16.918364415708613,4249.042461999999
scan24_subset_middle,scan24,subset_middle,varB_reuse_14_16_a0.5,VarB: reuse_14_16 (α=0.5),variantB,16,0.0052244594941536,7.578996658325195,0.0,11.713899433263238,4249.042461999999
scan24_subset_middle,scan24,subset_middle,varB_reuse_14_16_a0.75,VarB: reuse_14_16 (α=0.75),variantB,16,0.0053196496640642,7.562571922938029,0.0,20.42920804316872,4249.042461999999
scan24_subset_middle,scan24,subset_middle,varB_reuse_14_16_a1.0,VarB: reuse_14_16 (α=1.0),variantB,16,0.0054612013045698,7.563109954198201,0.0,18.920447732421398,4249.042461999999
scan24_subset_middle,scan24,subset_middle,varB_reuse_even_after_10_a0.5,VarB: reuse_even_after_10 (α=0.5),variantB,16,0.0051458068580056,7.588221311569214,0.0,21.390684647925568,4060.483788999999
scan24_subset_middle,scan24,subset_middle,varB_reuse_even_after_10_a0.75,VarB: reuse_even_after_10 (α=0.75),variantB,16,0.0052369979675859,7.570058743158976,0.0,15.05930917334512,4060.483788999999
scan24_subset_middle,scan24,subset_middle,varB_reuse_even_after_10_a1.0,VarB: reuse_even_after_10 (α=1.0),variantB,16,0.0058037526905536,7.724698146184285,0.0,4.37662294979053,4060.483788999999
scan24_subset_middle,scan24,subset_middle,varC_frozen_kv_16,VarC: Freeze K/V 16,variantC,16,0.0053916211084773,7.513760169347127,0.0,9.257252637642784,4612.330084999999
scan24_subset_middle,scan24,subset_middle,varC_frozen_kv_15,VarC: Freeze K/V 15,variantC,16,0.0053983783970276,7.512299140294393,0.0,14.377494699728343,4612.330085
scan24_subset_middle,scan24,subset_middle,varC_frozen_kv_15_16,"VarC: Freeze K/V {15,16}",variantC,16,0.005211080579708,7.4668504397074384,0.0,10.571132443526572,4598.500361999999
scan24_subset_middle,scan24,subset_middle,varC_frozen_kv_14_16,"VarC: Freeze K/V {14,16}",variantC,16,0.0055679429788142,7.572800000508626,0.0,14.648445991799122,4598.500362
scan24_subset_middle,scan24,subset_middle,varC_frozen_kv_even_after_10,"VarC: Freeze K/V {12,14,16}",variantC,16,0.0055350023321807,7.5685733159383135,0.0,17.947889572623023,4584.670638999999
scan24_subset_uniform,scan24,subset_uniform,fixed_16,Fixed i=16,fixed,16,0.0061103637175013,7.071218172709147,0.0,10.548428948086302,4626.159807999999
scan24_subset_uniform,scan24,subset_uniform,fixed_15,Fixed i=15,fixed,15,0.0058392436864475,6.9097215334574384,0.0,16.91165562247893,4337.024819999999
scan24_subset_uniform,scan24,subset_uniform,fixed_14,Fixed i=14,fixed,14,0.0054652919837584,6.731561104456584,0.0,19.16223217795857,4047.889831999999
scan24_subset_uniform,scan24,subset_uniform,fixed_13,Fixed i=13,fixed,13,0.0050399170334761,6.5650599002838135,0.0,16.87366246399037,3758.754843999999
scan24_subset_uniform,scan24,subset_uniform,varA_skip_16,VarA: Skip 16,variantA,16,0.0055760986482103,6.796626965204875,0.0,16.147232714467396,4437.601134999999
scan24_subset_uniform,scan24,subset_uniform,varA_skip_15,VarA: Skip 15,variantA,16,0.005783229212587,6.894992272059123,0.0,21.46777597923129,4437.601134999999
scan24_subset_uniform,scan24,subset_uniform,varA_skip_15_16,"VarA: Skip {15,16}",variantA,16,0.0052294779258469,6.655605792999268,0.0,26.263252320212302,4249.042461999999
scan24_subset_uniform,scan24,subset_uniform,varA_skip_14_16,"VarA: Skip {14,16}",variantA,16,0.0055841749999672,6.869274139404297,0.0,25.17594323820454,4249.042461999999
scan24_subset_uniform,scan24,subset_uniform,varA_skip_even_after_10,"VarA: Skip {12,14,16}",variantA,16,0.0056514418683946,6.974229653676351,0.0,27.420255193980896,4060.483788999999
scan24_subset_uniform,scan24,subset_uniform,varA_skip_13_15,"VarA: Skip {13,15}",variantA,16,0.0059477089283366,7.023475726445516,0.0,19.187417789044947,4249.042461999999
scan24_subset_uniform,scan24,subset_uniform,varB_reuse_16_a0.5,VarB: reuse_16 (α=0.5),variantB,16,0.005853267153725,6.914421637852986,0.0,15.371051155552008,4437.601134999999
scan24_subset_uniform,scan24,subset_uniform,varB_reuse_16_a0.75,VarB: reuse_16 (α=0.75),variantB,16,0.0060139274379859,6.99095884958903,0.0,17.104362384065208,4437.601134999999
scan24_subset_uniform,scan24,subset_uniform,varB_reuse_16_a1.0,VarB: reuse_16 (α=1.0),variantB,16,0.0061732477042824,7.082677602767944,1.1944405724589888,18.44164853675659,4437.601134999999
scan24_subset_uniform,scan24,subset_uniform,varB_reuse_15_a0.5,VarB: reuse_15 (α=0.5),variantB,16,0.005939288297668,6.977018435796102,0.0,27.118406918656287,4437.601134999999
scan24_subset_uniform,scan24,subset_uniform,varB_reuse_15_a0.75,VarB: reuse_15 (α=0.75),variantB,16,0.0060193333774805,7.018455266952515,0.0,12.957164145580608,4437.601134999999
scan24_subset_uniform,scan24,subset_uniform,varB_reuse_15_a1.0,VarB: reuse_15 (α=1.0),variantB,16,0.0061166816546271,7.078032493591309,0.0,9.13108908298011,4437.601134999999
scan24_subset_uniform,scan24,subset_uniform,varB_reuse_15_16_a0.5,VarB: reuse_15_16 (α=0.5),variantB,16,0.0056671352746586,6.819543759028117,0.0,26.954194496774637,4249.042461999999
scan24_subset_uniform,scan24,subset_uniform,varB_reuse_15_16_a0.75,VarB: reuse_15_16 (α=0.75),variantB,16,0.0059591425427546,6.966653108596802,1.1944405724589888,26.028125806118545,4249.042461999999
scan24_subset_uniform,scan24,subset_uniform,varB_reuse_15_16_a1.0,VarB: reuse_15_16 (α=1.0),variantB,16,0.0062752278366436,7.148682673772176,0.0,15.947512113442407,4249.042461999999
scan24_subset_uniform,scan24,subset_uniform,varB_reuse_14_16_a0.5,VarB: reuse_14_16 (α=0.5),variantB,16,0.0059758552815765,7.017306486765544,0.0,22.557658468411,4249.042461999999
scan24_subset_uniform,scan24,subset_uniform,varB_reuse_14_16_a0.75,VarB: reuse_14_16 (α=0.75),variantB,16,0.0061866340693086,7.122943639755249,0.0,24.68489354686784,4249.042461999999
scan24_subset_uniform,scan24,subset_uniform,varB_reuse_14_16_a1.0,VarB: reuse_14_16 (α=1.0),variantB,16,0.006373561375464,7.219441016515096,0.0,6.100484771669577,4249.042461999999
scan24_subset_uniform,scan24,subset_uniform,varB_reuse_even_after_10_a0.5,VarB: reuse_even_after_10 (α=0.5),variantB,16,0.0058258050121366,6.9456930955251055,0.0,19.662281372791742,4060.483788999999
scan24_subset_uniform,scan24,subset_uniform,varB_reuse_even_after_10_a0.75,VarB: reuse_even_after_10 (α=0.75),variantB,16,0.0060602666344493,7.056621154149373,0.0,26.66264468818842,4060.483788999999
scan24_subset_uniform,scan24,subset_uniform,varB_reuse_even_after_10_a1.0,VarB: reuse_even_after_10 (α=1.0),variantB,16,0.0064851716936876,7.298776706059773,1.1944405724589888,10.56648951571655,4060.483788999999
scan24_subset_uniform,scan24,subset_uniform,varC_frozen_kv_16,VarC: Freeze K/V 16,variantC,16,0.0061457667034119,7.093806107838948,0.0,10.46621785638912,4612.330084999999
scan24_subset_uniform,scan24,subset_uniform,varC_frozen_kv_15,VarC: Freeze K/V 15,variantC,16,0.0060885362327098,7.0440928141276045,0.0,17.464802014228706,4612.330085
scan24_subset_uniform,scan24,subset_uniform,varC_frozen_kv_15_16,"VarC: Freeze K/V {15,16}",variantC,16,0.0060761884475747,7.059034824371338,0.0,9.935708009996189,4598.500361999999
scan24_subset_uniform,scan24,subset_uniform,varC_frozen_kv_14_16,"VarC: Freeze K/V {14,16}",variantC,16,0.006287964604174,7.134930849075317,0.0,24.67737503826943,4598.500362
scan24_subset_uniform,scan24,subset_uniform,varC_frozen_kv_even_after_10,"VarC: Freeze K/V {12,14,16}",variantC,16,0.0063055698604633,7.187863032023112,0.0,14.344390302499074,4584.670638999999
scan62_subset_middle,scan62,subset_middle,fixed_16,Fixed i=16,fixed,16,0.0049177235923707,8.451176563898722,0.0,25.179797794987007,4626.159807999999
scan62_subset_middle,scan62,subset_middle,fixed_15,Fixed i=15,fixed,15,0.0049136964759478,8.446942965189615,0.0,11.813970384636,4337.024819999999
scan62_subset_middle,scan62,subset_middle,fixed_14,Fixed i=14,fixed,14,0.0049692013611396,8.456283728281656,0.0,20.50187449689629,4047.889831999999
scan62_subset_middle,scan62,subset_middle,fixed_13,Fixed i=13,fixed,13,0.0051549743705739,8.491256713867188,0.0,23.73288054273201,3758.754843999999
scan62_subset_middle,scan62,subset_middle,varA_skip_16,VarA: Skip 16,variantA,16,0.0049373085300127,8.50541607538859,0.0,8.950220355459834,4437.601134999999
scan62_subset_middle,scan62,subset_middle,varA_skip_15,VarA: Skip 15,variantA,16,0.0050345669345309,8.519069989522299,0.0,8.091540801328222,4437.601134999999
scan62_subset_middle,scan62,subset_middle,varA_skip_15_16,"VarA: Skip {15,16}",variantA,16,0.005091442571332,8.58608889579773,0.0,12.98188479687533,4249.042461999999
scan62_subset_middle,scan62,subset_middle,varA_skip_14_16,"VarA: Skip {14,16}",variantA,16,0.0052143008603403,8.601807435353598,0.0,21.15725793490716,4249.042461999999
scan62_subset_middle,scan62,subset_middle,varA_skip_even_after_10,"VarA: Skip {12,14,16}",variantA,16,0.0055164783261716,8.716396729151407,0.0,18.29823292031972,4060.483788999999
scan62_subset_middle,scan62,subset_middle,varA_skip_13_15,"VarA: Skip {13,15}",variantA,16,0.0052674831046412,8.604620695114136,0.0,8.258890392239335,4249.042461999999
scan62_subset_middle,scan62,subset_middle,varB_reuse_16_a0.5,VarB: reuse_16 (α=0.5),variantB,16,0.0049136354743192,8.474718968073526,0.0,6.110656061708586,4437.601134999999
scan62_subset_middle,scan62,subset_middle,varB_reuse_16_a0.75,VarB: reuse_16 (α=0.75),variantB,16,0.004920574137941,8.469148715337118,0.0,12.76418576835964,4437.601134999999
scan62_subset_middle,scan62,subset_middle,varB_reuse_16_a1.0,VarB: reuse_16 (α=1.0),variantB,16,0.0049311322315285,8.460987647374472,0.0,8.05783516958248,4437.601134999999
scan62_subset_middle,scan62,subset_middle,varB_reuse_15_a0.5,VarB: reuse_15 (α=0.5),variantB,16,0.0049617127515375,8.483123620351156,0.0,6.882214240673061,4437.601134999999
scan62_subset_middle,scan62,subset_middle,varB_reuse_15_a0.75,VarB: reuse_15 (α=0.75),variantB,16,0.0049440429235498,8.474258104960123,0.0,7.747783819277728,4437.601134999999
scan62_subset_middle,scan62,subset_middle,varB_reuse_15_a1.0,VarB: reuse_15 (α=1.0),variantB,16,0.0049347534465293,8.470235029856363,0.0,9.45409715984477,4437.601134999999
scan62_subset_middle,scan62,subset_middle,varB_reuse_15_16_a0.5,VarB: reuse_15_16 (α=0.5),variantB,16,0.0049781087630738,8.512394984563192,0.0,11.0481830929769,4249.042461999999
scan62_subset_middle,scan62,subset_middle,varB_reuse_15_16_a0.75,VarB: reuse_15_16 (α=0.75),variantB,16,0.0049870495374004,8.49953548113505,0.0,8.543526186202387,4249.042461999999
scan62_subset_middle,scan62,subset_middle,varB_reuse_15_16_a1.0,VarB: reuse_15_16 (α=1.0),variantB,16,0.005032812943682,8.512150526046753,0.0,9.34412456860961,4249.042461999999
scan62_subset_middle,scan62,subset_middle,varB_reuse_14_16_a0.5,VarB: reuse_14_16 (α=0.5),variantB,16,0.005120159437259,8.55532177289327,0.0,8.73914454270601,4249.042461999999
scan62_subset_middle,scan62,subset_middle,varB_reuse_14_16_a0.75,VarB: reuse_14_16 (α=0.75),variantB,16,0.0050633163191378,8.53100872039795,0.0,8.683383398590339,4249.042461999999
scan62_subset_middle,scan62,subset_middle,varB_reuse_14_16_a1.0,VarB: reuse_14_16 (α=1.0),variantB,16,0.0050109218185146,8.509868621826172,0.0,15.095171668551652,4249.042461999999
scan62_subset_middle,scan62,subset_middle,varB_reuse_even_after_10_a0.5,VarB: reuse_even_after_10 (α=0.5),variantB,16,0.0050797489626954,8.545775810877482,0.0,5.443817756129367,4060.483788999999
scan62_subset_middle,scan62,subset_middle,varB_reuse_even_after_10_a0.75,VarB: reuse_even_after_10 (α=0.75),variantB,16,0.0050261958191792,8.502828280131022,0.0,7.659652750052192,4060.483788999999
scan62_subset_middle,scan62,subset_middle,varB_reuse_even_after_10_a1.0,VarB: reuse_even_after_10 (α=1.0),variantB,16,0.0052031635617216,8.552741289138794,0.0,12.490343420853144,4060.483788999999
scan62_subset_middle,scan62,subset_middle,varC_frozen_kv_16,VarC: Freeze K/V 16,variantC,16,0.0049307734395066,8.447113513946533,0.0,19.498613124887875,4612.330084999999
scan62_subset_middle,scan62,subset_middle,varC_frozen_kv_15,VarC: Freeze K/V 15,variantC,16,0.004957847452412,8.47390874226888,0.0,8.919213519996847,4612.330085
scan62_subset_middle,scan62,subset_middle,varC_frozen_kv_15_16,"VarC: Freeze K/V {15,16}",variantC,16,0.0049807467342664,8.452204704284668,0.0,17.87597198510492,4598.500361999999
scan62_subset_middle,scan62,subset_middle,varC_frozen_kv_14_16,"VarC: Freeze K/V {14,16}",variantC,16,0.0051377154886722,8.550137996673584,0.0,12.996987216690826,4598.500362
scan62_subset_middle,scan62,subset_middle,varC_frozen_kv_even_after_10,"VarC: Freeze K/V {12,14,16}",variantC,16,0.0052915601991117,8.543081363042196,0.0,6.120688471234474,4584.670638999999
scan62_subset_uniform,scan62,subset_uniform,fixed_16,Fixed i=16,fixed,16,0.0041215899788464,5.63517149289449,0.0,28.750217249447918,4626.159807999999
scan62_subset_uniform,scan62,subset_uniform,fixed_15,Fixed i=15,fixed,15,0.0041153994000827,5.631220102310181,0.0,5.716163776386054,4337.024819999999
scan62_subset_uniform,scan62,subset_uniform,fixed_14,Fixed i=14,fixed,14,0.004177031883349,5.646110852559407,0.0,8.257966898192045,4047.889831999999
scan62_subset_uniform,scan62,subset_uniform,fixed_13,Fixed i=13,fixed,13,0.0044164676995327,5.759002049763997,0.0,25.785368859037437,3758.754843999999
scan62_subset_uniform,scan62,subset_uniform,varA_skip_16,VarA: Skip 16,variantA,16,0.0043053749638299,5.728414217631022,1.1944405724589888,5.565293417569984,4437.601134999999
scan62_subset_uniform,scan62,subset_uniform,varA_skip_15,VarA: Skip 15,variantA,16,0.0041130989169081,5.647141218185425,0.0,21.62451741924752,4437.601134999999
scan62_subset_uniform,scan62,subset_uniform,varA_skip_15_16,"VarA: Skip {15,16}",variantA,16,0.0045223090952883,5.820077180862427,0.0,24.57624154780697,4249.042461999999
scan62_subset_uniform,scan62,subset_uniform,varA_skip_14_16,"VarA: Skip {14,16}",variantA,16,0.0043498848487312,5.785545190175374,0.0,29.711408729380818,4249.042461999999
scan62_subset_uniform,scan62,subset_uniform,varA_skip_even_after_10,"VarA: Skip {12,14,16}",variantA,16,0.0045313142084827,5.918798605600993,0.0,15.836427570967755,4060.483788999999
scan62_subset_uniform,scan62,subset_uniform,varA_skip_13_15,"VarA: Skip {13,15}",variantA,16,0.0042758375251044,5.767132918039958,0.0,28.145433222403717,4249.042461999999
scan62_subset_uniform,scan62,subset_uniform,varB_reuse_16_a0.5,VarB: reuse_16 (α=0.5),variantB,16,0.0041750416858121,5.668670654296875,0.0,26.074135418897725,4437.601134999999
scan62_subset_uniform,scan62,subset_uniform,varB_reuse_16_a0.75,VarB: reuse_16 (α=0.75),variantB,16,0.0041341766482219,5.654075860977173,0.0,19.788276253798436,4437.601134999999
scan62_subset_uniform,scan62,subset_uniform,varB_reuse_16_a1.0,VarB: reuse_16 (α=1.0),variantB,16,0.0041202969538668,5.645411411921184,0.0,20.83589189599461,4437.601134999999
scan62_subset_uniform,scan62,subset_uniform,varB_reuse_15_a0.5,VarB: reuse_15 (α=0.5),variantB,16,0.0040880884819974,5.633527517318726,0.0,18.329241294353963,4437.601134999999
scan62_subset_uniform,scan62,subset_uniform,varB_reuse_15_a0.75,VarB: reuse_15 (α=0.75),variantB,16,0.004097241985922,5.635216951370239,0.0,5.276471860457316,4437.601134999999
scan62_subset_uniform,scan62,subset_uniform,varB_reuse_15_a1.0,VarB: reuse_15 (α=1.0),variantB,16,0.0041178387279311,5.642290274302165,0.0,3.263624272334304,4437.601134999999
scan62_subset_uniform,scan62,subset_uniform,varB_reuse_15_16_a0.5,VarB: reuse_15_16 (α=0.5),variantB,16,0.0042156036943197,5.6760250727335615,0.0,11.740100110067212,4249.042461999999
scan62_subset_uniform,scan62,subset_uniform,varB_reuse_15_16_a0.75,VarB: reuse_15_16 (α=0.75),variantB,16,0.0041360415440673,5.647324879964192,0.0,5.0286629924157324,4249.042461999999
scan62_subset_uniform,scan62,subset_uniform,varB_reuse_15_16_a1.0,VarB: reuse_15_16 (α=1.0),variantB,16,0.0041199614449093,5.652264356613159,0.0,6.71564750238797,4249.042461999999
scan62_subset_uniform,scan62,subset_uniform,varB_reuse_14_16_a0.5,VarB: reuse_14_16 (α=0.5),variantB,16,0.0041786939060936,5.703883806864421,0.0,21.628008979934723,4249.042461999999
scan62_subset_uniform,scan62,subset_uniform,varB_reuse_14_16_a0.75,VarB: reuse_14_16 (α=0.75),variantB,16,0.0041181212291121,5.669414599736531,0.0,19.69290055944544,4249.042461999999
scan62_subset_uniform,scan62,subset_uniform,varB_reuse_14_16_a1.0,VarB: reuse_14_16 (α=1.0),variantB,16,0.0041157459684958,5.66088064511617,0.0,22.27302490226356,4249.042461999999
scan62_subset_uniform,scan62,subset_uniform,varB_reuse_even_after_10_a0.5,VarB: reuse_even_after_10 (α=0.5),variantB,16,0.0042318098324661,5.745614608128865,0.0,19.23824425044068,4060.483788999999
scan62_subset_uniform,scan62,subset_uniform,varB_reuse_even_after_10_a0.75,VarB: reuse_even_after_10 (α=0.75),variantB,16,0.0041883269247288,5.7025412718455,0.0,7.242639925867,4060.483788999999
scan62_subset_uniform,scan62,subset_uniform,varB_reuse_even_after_10_a1.0,VarB: reuse_even_after_10 (α=1.0),variantB,16,0.0041398256241033,5.662062883377075,0.0,24.39900068237913,4060.483788999999
scan62_subset_uniform,scan62,subset_uniform,varC_frozen_kv_16,VarC: Freeze K/V 16,variantC,16,0.0041020435358708,5.634003162384033,0.0,15.334360110819055,4612.330084999999
scan62_subset_uniform,scan62,subset_uniform,varC_frozen_kv_15,VarC: Freeze K/V 15,variantC,16,0.0041168481111526,5.647472858428955,0.0,14.851702211788847,4612.330085
scan62_subset_uniform,scan62,subset_uniform,varC_frozen_kv_15_16,"VarC: Freeze K/V {15,16}",variantC,16,0.0041168547856311,5.634140173594157,0.0,15.969822570627237,4598.500361999999
scan62_subset_uniform,scan62,subset_uniform,varC_frozen_kv_14_16,"VarC: Freeze K/V {14,16}",variantC,16,0.0041470975071812,5.686793406804402,0.0,16.650374757694976,4598.500362
scan62_subset_uniform,scan62,subset_uniform,varC_frozen_kv_even_after_10,"VarC: Freeze K/V {12,14,16}",variantC,16,0.0041436916217207,5.6435227394104,0.0,27.418178478521146,4584.670638999999
