scene,subset,step_i,cos_h,rel_drift_h,cos_global_in,rel_drift_global_in,cos_global_out,rel_drift_global_out,cos_residual,rel_drift_residual,residual_ratio,cos_k,rel_drift_k,cos_v,rel_drift_v
scan1,subset_middle,2,0.949910581111908,0.3326357719384303,0.9433357119560242,0.37907522776775887,0.949910581111908,0.3326357719384303,0.5368506908416748,1.1206414604943482,0.2926204989076625,0.9561460614204407,0.2765413114529246,0.7627113461494446,0.6408882053693059
scan1,subset_middle,3,0.9674821496009827,0.2530793664777455,0.9640194177627563,0.2711394931032216,0.9674821496009827,0.2530793664777455,0.7640935778617859,0.6944046895969255,0.29416544605236283,0.9779714941978455,0.19180595758195004,0.8891359567642212,0.4413375470214775
scan1,subset_middle,4,0.9836257100105286,0.17790587983169848,0.9775068759918213,0.20852591126397765,0.9836257100105286,0.17790587983169848,0.8528701663017273,0.575973630795778,0.26201792580518046,0.9908329844474792,0.1239458043370978,0.9345367550849915,0.3242474269831463
scan1,subset_middle,5,0.9917939901351929,0.1264255513511,0.9880515336990356,0.1523386985073501,0.9917939901351929,0.1264255513511,0.9240077137947083,0.41516283367535134,0.23020859078818373,0.995819628238678,0.08414150607607714,0.9626876711845398,0.22577603227629883
scan1,subset_middle,6,0.9951338171958923,0.09868959764710573,0.9932763576507568,0.11608690329186652,0.9951338171958923,0.09868959764710573,0.9517992734909058,0.31606144295226324,0.20876157128690012,0.9977196455001831,0.06180140429272374,0.9748958945274353,0.16764218317690951
scan1,subset_middle,7,0.9967881441116333,0.08243746540417016,0.9958621859550476,0.09374777000370392,0.9967881441116333,0.08243746540417016,0.9655582308769226,0.2678335405236237,0.18967954989289926,0.9986277222633362,0.04791461017605098,0.9829623103141785,0.1297527556108083
scan1,subset_middle,8,0.9979435801506042,0.06843989349273975,0.9971988797187805,0.08106011588847409,0.9979435801506042,0.06843989349273975,0.9762277007102966,0.2228213068989127,0.171352419566414,0.9990557432174683,0.03989240791070638,0.987555980682373,0.1098723657304677
scan1,subset_middle,9,0.9984840154647827,0.06258277151591905,0.9980727434158325,0.07013163495395429,0.9984840154647827,0.06258277151591905,0.9838700294494629,0.17691683175164863,0.15900994451687234,0.9993087649345398,0.034455914241057185,0.9912897944450378,0.09041041571749547
scan1,subset_middle,10,0.9988135099411011,0.05968539847527436,0.9985582232475281,0.065389690862986,0.9988135099411011,0.05968539847527436,0.9888954758644104,0.14595607424373447,0.1493486407592105,0.9994536638259888,0.03091078180661062,0.9936450719833374,0.07777957854206721
scan1,subset_middle,11,0.9990091919898987,0.05852304147393369,0.9988178610801697,0.0628395454299835,0.9990091919898987,0.05852304147393369,0.9914151430130005,0.1281160244230285,0.14093582838857396,0.9995257258415222,0.02896571757967518,0.9951252937316895,0.06968999500485125
scan1,subset_middle,12,0.9991298913955688,0.06001288561691432,0.9990007877349854,0.0635896811546445,0.9991298913955688,0.06001288561691432,0.9930087924003601,0.11503560100205541,0.13390875332201185,0.9995777010917664,0.02752279929403891,0.9962317943572998,0.06197973650431345
scan1,subset_middle,13,0.9991856813430786,0.05978252673682949,0.9991068840026855,0.06412162223782729,0.9991856813430786,0.05978252673682949,0.9936555027961731,0.10998044808862432,0.12762844804444773,0.9996126890182495,0.026478395285511158,0.9968531727790833,0.05707378881925578
scan1,subset_middle,14,0.9991930723190308,0.06224864236891698,0.9991064667701721,0.06375105302334966,0.9991930723190308,0.06224864236891698,0.9948535561561584,0.10026264699118363,0.12350331616911166,0.999646782875061,0.02536818632316241,0.9973716139793396,0.052452820560337995
scan1,subset_middle,15,0.9991880059242249,0.06516662281878227,0.9991307258605957,0.06553055922490077,0.9991880059242249,0.06516662281878227,0.9955384731292725,0.09790496688720367,0.12131334009389014,0.9996745586395264,0.024393056900426334,0.997726559638977,0.04828023280866019
scan1,subset_middle,16,0.9992806315422058,0.06696905412060895,0.9991936683654785,0.06847944104634157,0.9992806315422058,0.06696905412060895,0.9959514737129211,0.08969240296881946,0.11633276698910348,0.9997033476829529,0.023376539300931663,0.9979349374771118,0.04592417515539131
scan1,subset_uniform,2,0.9475081562995911,0.3415545769636147,0.9383105635643005,0.39344795489971823,0.9475081562995911,0.3415545769636147,0.5238795280456543,1.1499817396074719,0.3014346659963305,0.9526712894439697,0.2864061835915696,0.7355943322181702,0.6801929923010918
scan1,subset_uniform,3,0.9661848545074463,0.25851895022023336,0.9610800743103027,0.28214483913605853,0.9661848545074463,0.25851895022023336,0.7465481758117676,0.735754849422384,0.29384566252399275,0.9761199951171875,0.20059468566351865,0.8676823973655701,0.48256701703360744
scan1,subset_uniform,4,0.983634889125824,0.17763877925029015,0.9763806462287903,0.21349924591995312,0.983634889125824,0.17763877925029015,0.8601657748222351,0.5645567241784946,0.2626554220874846,0.9903294444084167,0.12833652201695378,0.9315916299819946,0.33545066525837075
scan1,subset_uniform,5,0.9921583533287048,0.12352499315379567,0.9884264469146729,0.14996019034169933,0.9921583533287048,0.12352499315379567,0.935162365436554,0.3921527041591771,0.22886513200051695,0.9960197806358337,0.08240801062514304,0.9662084579467773,0.21991057252421453
scan1,subset_uniform,6,0.9955275654792786,0.09446919012662018,0.9937344789505005,0.11228447261323905,0.9955275654792786,0.09446919012662018,0.9599557518959045,0.2966723969398984,0.2050433920822667,0.9978991746902466,0.05959965895306316,0.9788124561309814,0.16172809105481487
scan1,subset_uniform,7,0.9970812797546387,0.07845680319079716,0.9961584806442261,0.09051696263097023,0.9970812797546387,0.07845680319079716,0.9741286039352417,0.23163385597666664,0.1868042790889755,0.9986945986747742,0.04692073572263471,0.9857263565063477,0.1269677326024813
scan1,subset_uniform,8,0.9979457259178162,0.06776218176289545,0.9974006414413452,0.0782944229410217,0.9979457259178162,0.06776218176289545,0.9814535975456238,0.19637242538279032,0.17011749025880513,0.9990594983100891,0.03960372898327296,0.9895403385162354,0.10574851918906414
scan1,subset_uniform,9,0.9984383583068848,0.06272087384080959,0.998092770576477,0.06941487489391689,0.9984383583068848,0.06272087384080959,0.9860101938247681,0.1657305598378684,0.15811269437404885,0.9992649555206299,0.03524803251964,0.9921334981918335,0.09111518774342739
scan1,subset_uniform,10,0.9987589716911316,0.060292359515191365,0.9985259771347046,0.06565332004030547,0.9987589716911316,0.060292359515191365,0.9895200729370117,0.141067175744404,0.14828228015772507,0.999408483505249,0.03180176575862388,0.9939935803413391,0.07931891848346488
scan1,subset_uniform,11,0.9989588856697083,0.05926993623849969,0.9987870454788208,0.06335846537681211,0.9989588856697083,0.05926993623849969,0.9910051822662354,0.12997360021123308,0.13978330925340257,0.9995018839836121,0.029475400487497614,0.9952052235603333,0.07096446551485966
scan1,subset_uniform,12,0.9991053938865662,0.06029659327984802,0.9989839196205139,0.06391818605013225,0.9991053938865662,0.06029659327984802,0.9929781556129456,0.1143021058019817,0.13228380705436274,0.9995628595352173,0.02784066460728372,0.9962718486785889,0.06349958010142288
scan1,subset_uniform,13,0.9991808533668518,0.059819771999162004,0.9991055727005005,0.06418411303926334,0.9991808533668518,0.059819771999162004,0.9934870600700378,0.11169263511050971,0.12563283142961967,0.9996045827865601,0.02660686753354061,0.9968593716621399,0.05826462303138135
scan1,subset_uniform,14,0.9992039799690247,0.06194589238759661,0.9991310238838196,0.06343189786948905,0.9992039799690247,0.06194589238759661,0.9941256046295166,0.10662275972442982,0.12111357994243875,0.9996429085731506,0.025401760514728804,0.9972794055938721,0.053763785256498685
scan1,subset_uniform,15,0.999211847782135,0.064595051144236,0.9991666078567505,0.06491155051487751,0.999211847782135,0.064595051144236,0.9947603344917297,0.10441532860717342,0.11849003836324924,0.9996715784072876,0.024386353501803362,0.997708261013031,0.04950033614614992
scan1,subset_uniform,16,0.9993107914924622,0.06622920898263729,0.9992271065711975,0.06776255646986024,0.9993107914924622,0.06622920898263729,0.9955407381057739,0.09344241546576246,0.11322725110623479,0.9997092485427856,0.02307053032170343,0.9978927969932556,0.047085794766723935
scan4,subset_middle,2,0.9373238682746887,0.3689700780537154,0.9349329471588135,0.404395946233115,0.9373238682746887,0.3689700780537154,0.4878365993499756,1.1307313757027848,0.32344419646442013,0.9455782771110535,0.30605575295010784,0.737574577331543,0.6769275388081892
scan4,subset_middle,3,0.9686023592948914,0.24951045033141514,0.9603797197341919,0.2841766212875501,0.9686023592948914,0.24951045033141514,0.784442663192749,0.6975629254042051,0.30182153794141003,0.9799108505249023,0.1853655446754348,0.8904818892478943,0.43965336638099306
scan4,subset_middle,4,0.9839651584625244,0.17672672789805183,0.9787082076072693,0.20376943693832278,0.9839651584625244,0.17672672789805183,0.8787884712219238,0.531405913594631,0.26673694209317006,0.9921116232872009,0.11623064346797776,0.9416192770004272,0.3037414585802424
scan4,subset_middle,5,0.992271363735199,0.12337606013939044,0.9885565042495728,0.1499581565720891,0.992271363735199,0.12337606013939044,0.9310342073440552,0.4075087653432337,0.2308935448682388,0.996304988861084,0.07948411447189098,0.9641743898391724,0.21793430696497107
scan4,subset_middle,6,0.9953181743621826,0.09718645233366573,0.9938385486602783,0.11182700045577612,0.9953181743621826,0.09718645233366573,0.9590563178062439,0.29720790370157385,0.20875569471359415,0.9980033040046692,0.05850479501253234,0.9779306650161743,0.15825350954510542
scan4,subset_middle,7,0.9968639016151428,0.08222141947558144,0.9959736466407776,0.09282932661426474,0.9968639016151428,0.08222141947558144,0.9710906147956848,0.24245562820018673,0.19195617581368882,0.9986296892166138,0.048368235168215014,0.983548104763031,0.1296929107452096
scan4,subset_middle,8,0.9978558421134949,0.0706316193958707,0.9971845746040344,0.08210911425798618,0.9978558421134949,0.0706316193958707,0.9794574975967407,0.20427806495026388,0.17549876309799303,0.9989848732948303,0.04193177698393815,0.9880597591400146,0.11133227334951508
scan4,subset_middle,9,0.9983639121055603,0.06551782780015902,0.997952401638031,0.07286939277832827,0.9983639121055603,0.06551782780015902,0.9851638674736023,0.1686773196946225,0.16402269988888257,0.9992139935493469,0.03721288538395627,0.991405189037323,0.093084035540037
scan4,subset_middle,10,0.998704731464386,0.06260300699661428,0.9984148740768433,0.06867468220969841,0.998704731464386,0.06260300699661428,0.9885489344596863,0.14811819775300175,0.1540318209672954,0.9993563890457153,0.0338542436310004,0.993523359298706,0.08043892150851384
scan4,subset_middle,11,0.9989528656005859,0.0607944898896186,0.998721718788147,0.06576655989173882,0.9989528656005859,0.0607944898896186,0.9912026524543762,0.12931602909061274,0.14530448346053326,0.9994620084762573,0.03112089353867308,0.9950433373451233,0.07149724107259302
scan4,subset_middle,12,0.9990841150283813,0.062072444018204054,0.9989528059959412,0.06602608585730482,0.9990841150283813,0.062072444018204054,0.9920632243156433,0.12408486679279492,0.13724904371159852,0.9995481967926025,0.028669916813199064,0.9963262677192688,0.06353576658692452
scan4,subset_middle,13,0.999183177947998,0.060788524180097704,0.9990823864936829,0.06611504814894953,0.999183177947998,0.060788524180097704,0.9935142397880554,0.11195793708247756,0.12986780009846555,0.9995937347412109,0.027271418272363776,0.996941328048706,0.0583929047212974
scan4,subset_middle,14,0.9992049932479858,0.06267380048761889,0.9991171360015869,0.06468784802165019,0.9992049932479858,0.06267380048761889,0.9947750568389893,0.10095107722225065,0.1250335980787483,0.9996392726898193,0.02575915967242509,0.9974226951599121,0.053201036702327724
scan4,subset_middle,15,0.9991944432258606,0.06516085083091608,0.9991475343704224,0.06586936146345947,0.9991944432258606,0.06516085083091608,0.9947150349617004,0.10526951961482191,0.12237327454559278,0.9996684789657593,0.02470167820234832,0.9977430105209351,0.04939488081607429
scan4,subset_middle,16,0.9992982745170593,0.066417385604829,0.9992095232009888,0.0684562608192491,0.9992982745170593,0.066417385604829,0.9957990050315857,0.09098708623173163,0.11668854508412928,0.9997019171714783,0.02354122321240631,0.9979828596115112,0.04659038033284091
scan4,subset_uniform,2,0.9324938654899597,0.38337344390210687,0.9234084486961365,0.43299581788386216,0.9324938654899597,0.38337344390210687,0.49197882413864136,1.153469575752886,0.3306050409247263,0.9403611421585083,0.3205117496947968,0.6940553784370422,0.7302162590987419
scan4,subset_uniform,3,0.9649535417556763,0.2622565458279306,0.9571126699447632,0.2946039084943822,0.9649535417556763,0.2622565458279306,0.7719366550445557,0.7133502826414063,0.31179059029363393,0.9792152047157288,0.18967068911805887,0.881544828414917,0.46154781051283955
scan4,subset_uniform,4,0.9837194681167603,0.17750853275191014,0.9763095378875732,0.2140040566812698,0.9837194681167603,0.17750853275191014,0.8798172473907471,0.5428179617845199,0.2683071999920557,0.9913831949234009,0.12233215596342385,0.9406690001487732,0.3141360078278843
scan4,subset_uniform,5,0.9919725656509399,0.12499336331366473,0.9883625507354736,0.1506684534092934,0.9919725656509399,0.12499336331366473,0.9360180497169495,0.39080547696743184,0.23367088090660956,0.9962723255157471,0.08003362656211621,0.967579185962677,0.21475499822989783
scan4,subset_uniform,6,0.995333731174469,0.09671531010784679,0.9936308264732361,0.1129688409733594,0.995333731174469,0.09671531010784679,0.9616875052452087,0.2896454757662886,0.2107076758635975,0.9979625344276428,0.0589460613833899,0.9794101119041443,0.15999632639556816
scan4,subset_uniform,7,0.9968432188034058,0.08173600823369803,0.9959322214126587,0.09332750133070447,0.9968432188034058,0.08173600823369803,0.9747651815414429,0.22796778013721006,0.19281829033609343,0.9985922574996948,0.048934311490155154,0.9855358004570007,0.12814364515021795
scan4,subset_uniform,8,0.9976871609687805,0.07165663882541262,0.9971179366111755,0.08216235439958806,0.9976871609687805,0.07165663882541262,0.9809914231300354,0.19550336823871758,0.1762570653924381,0.9989393353462219,0.04215456098871888,0.9893258810043335,0.10949826475290676
scan4,subset_uniform,9,0.998232364654541,0.0665070164134193,0.9978306293487549,0.07351960651583841,0.998232364654541,0.0665070164134193,0.9853164553642273,0.16602809511063596,0.16437387356790423,0.9991434812545776,0.038086502493765585,0.9918420910835266,0.09387146435002457
scan4,subset_uniform,10,0.9985703825950623,0.06366147657828715,0.9983082413673401,0.0696153328820007,0.9985703825950623,0.06366147657828715,0.9874688386917114,0.15428883864158752,0.15341242630729723,0.9993003010749817,0.03455308285693466,0.9937793016433716,0.08201272226886962
scan4,subset_uniform,11,0.9988306164741516,0.06174775559741605,0.9986128807067871,0.06663584386091485,0.9988306164741516,0.06174775559741605,0.9898563623428345,0.13915294820659832,0.14381826771952802,0.9993858337402344,0.03240031892048668,0.9950351119041443,0.07375574572625232
scan4,subset_uniform,12,0.9989935755729675,0.06252564517949366,0.998869001865387,0.06631757524796235,0.9989935755729675,0.06252564517949366,0.9911757707595825,0.12977277747062207,0.13544781852988155,0.9994850754737854,0.02998621726388086,0.9961996674537659,0.06541189902906172
scan4,subset_uniform,13,0.9991142153739929,0.061259227325684944,0.9990177750587463,0.06622688885715856,0.9991142153739929,0.061259227325684944,0.9918891787528992,0.12307471145615854,0.12781721020382764,0.9995406270027161,0.028476359564341767,0.9968345165252686,0.06023327475772519
scan4,subset_uniform,14,0.9991833567619324,0.06255094038700797,0.9990912079811096,0.06460751698072942,0.9991833567619324,0.06255094038700797,0.9934660792350769,0.11138297299071748,0.12269674764968591,0.9996103644371033,0.026532140508502323,0.9972995519638062,0.055061510166569294
scan4,subset_uniform,15,0.9992063641548157,0.06480087370601764,0.9991499781608582,0.06554236462555829,0.9992063641548157,0.06480087370601764,0.9945822358131409,0.10511211736209049,0.119520779190871,0.9996525645256042,0.025146948001857253,0.9976556897163391,0.05088030543993649
scan4,subset_uniform,16,0.9993172287940979,0.06592638049656234,0.9992240071296692,0.06795640815370485,0.9993172287940979,0.06592638049656234,0.9954448342323303,0.09464257364410054,0.11384385926020515,0.9996938109397888,0.02372758500852272,0.9978402853012085,0.048242727544362936
scan9,subset_middle,2,0.9591977596282959,0.3061480809501091,0.9480605721473694,0.36097707044848254,0.9591977596282959,0.3061480809501091,0.5246046185493469,1.2151482506924307,0.26461878876330447,0.9654321670532227,0.24633230416597823,0.7894365191459656,0.6051418380521632
scan9,subset_middle,3,0.9727252125740051,0.2339168525759084,0.9708905220031738,0.2475592687899413,0.9727252125740051,0.2339168525759084,0.7084227204322815,0.7809577053017915,0.2630275913049227,0.9838035702705383,0.1668175063388759,0.8819782137870789,0.4479300310319203
scan9,subset_middle,4,0.9784259796142578,0.20363332906176002,0.9785004258155823,0.20422165444867935,0.9784259796142578,0.20363332906176002,0.8097385764122009,0.5988131671279323,0.27401602846738216,0.9897536635398865,0.1304444293089925,0.9205804467201233,0.3606395868877007
scan9,subset_middle,5,0.987773060798645,0.15384460756308782,0.9833025336265564,0.1795476524920097,0.987773060798645,0.15384460756308782,0.8848852515220642,0.4972633623733989,0.24532131389514236,0.9933587312698364,0.1054388785223198,0.9470473527908325,0.27600006705478375
scan9,subset_middle,6,0.9931557178497314,0.11595470299872669,0.9904157519340515,0.13748854916702033,0.9931557178497314,0.11595470299872669,0.9230110049247742,0.4154934194358366,0.21431097337156316,0.9965875148773193,0.0757618928869267,0.9649483561515808,0.20962216492446167
scan9,subset_middle,7,0.9959613680839539,0.0913254112203979,0.9944833517074585,0.10630941678195671,0.9959613680839539,0.0913254112203979,0.9519040584564209,0.31607092409295123,0.19319464642279532,0.9981215000152588,0.05614176619176406,0.9770844578742981,0.15803870059716232
scan9,subset_middle,8,0.9972184896469116,0.0778455279938963,0.9964554309844971,0.08921322388473389,0.9972184896469116,0.0778455279938963,0.9666925668716431,0.25724365744698213,0.17596424557486365,0.9987273216247559,0.0461926236126884,0.9837068319320679,0.12791313401341595
scan9,subset_middle,9,0.9978547096252441,0.07205732145373972,0.9974042177200317,0.07862958065085272,0.9978547096252441,0.07205732145373972,0.9727434515953064,0.22917307458724875,0.1643665245153512,0.9990122318267822,0.040947851394391464,0.9869058728218079,0.11246830060389093
scan9,subset_middle,10,0.998262345790863,0.06901714119951766,0.9979444742202759,0.07426182540875394,0.998262345790863,0.06901714119951766,0.9810767769813538,0.18630283054117847,0.15525150006992394,0.9991689324378967,0.03782031457557959,0.9900777339935303,0.09896337680368837
scan9,subset_middle,11,0.9985785484313965,0.06652768594554498,0.9982784986495972,0.07146512462230112,0.9985785484313965,0.06652768594554498,0.9861793518066406,0.1603693093008396,0.14701422783897752,0.9992716312408447,0.03580749554106254,0.9920193552970886,0.08908989366191812
scan9,subset_middle,12,0.9988343119621277,0.0661076671722793,0.9985613226890564,0.07126707652777295,0.9988343119621277,0.0661076671722793,0.9887595176696777,0.14538445749042692,0.1386654819595057,0.9993621706962585,0.03370965011169529,0.9937084913253784,0.07953855882226961
scan9,subset_middle,13,0.9989727735519409,0.06415090604264072,0.9988020062446594,0.07014950792870178,0.9989727735519409,0.06415090604264072,0.9886882901191711,0.14758937749043166,0.13047885597950468,0.9994566440582275,0.031238764749785222,0.995028018951416,0.07076460929544869
scan9,subset_middle,14,0.9990357756614685,0.06525313681722032,0.9989041686058044,0.06785489365589306,0.9990357756614685,0.06525313681722032,0.990628182888031,0.13415250329169923,0.1252140143033667,0.9995372891426086,0.028999975043935436,0.9962054491043091,0.06319313507005055
scan9,subset_middle,15,0.9990740418434143,0.06696404750595591,0.9989789128303528,0.06826348591269941,0.9990740418434143,0.06696404750595591,0.9921407699584961,0.12530357650862894,0.12206821476444588,0.9995866417884827,0.02747091211826199,0.996839165687561,0.0580797529143685
scan9,subset_middle,16,0.9992194771766663,0.06774887384384574,0.9990917444229126,0.07017307493305708,0.9992194771766663,0.06774887384384574,0.9941893219947815,0.10651925244410372,0.11629434672989142,0.9996398091316223,0.02572708705169922,0.9972839951515198,0.0535246665745545
scan9,subset_uniform,2,0.957919180393219,0.31279569227727305,0.9443269968032837,0.37127530221660626,0.957919180393219,0.31279569227727305,0.5203588604927063,1.2529454589237123,0.2680898288452157,0.9622640013694763,0.2563196852822035,0.7586758732795715,0.6419635225606865
scan9,subset_uniform,3,0.9721929430961609,0.2384916167842205,0.9700709581375122,0.2523082933819661,0.9721929430961609,0.2384916167842205,0.6661019921302795,0.8512441898588037,0.25909195091024234,0.9832999110221863,0.17023601303808356,0.8680545687675476,0.4780799035588036
scan9,subset_uniform,4,0.972902774810791,0.22898721137787476,0.9765765070915222,0.21438629088650218,0.972902774810791,0.22898721137787476,0.7776492834091187,0.6358559883866065,0.29136445193870025,0.988095223903656,0.14259124878963744,0.9026726484298706,0.40386843951892776
scan9,subset_uniform,5,0.9850966334342957,0.17039841095363148,0.9781098961830139,0.20634043715869543,0.9850966334342957,0.17039841095363148,0.8216506242752075,0.6490723972433864,0.24859271071153927,0.9911994934082031,0.12400882542621129,0.9295179843902588,0.32985500788829114
scan9,subset_uniform,6,0.9924826622009277,0.12184786401936368,0.9894490242004395,0.14465535647655506,0.9924826622009277,0.12184786401936368,0.9089294672012329,0.4467767863523622,0.22057058267149857,0.9962328672409058,0.08053933222562072,0.9603726267814636,0.2265103757108336
scan9,subset_uniform,7,0.9954667687416077,0.09695727399327933,0.9936961531639099,0.11376834938144052,0.9954667687416077,0.09695727399327933,0.9447141885757446,0.3404312176948769,0.1982509035462028,0.9977032542228699,0.06203123612473025,0.9732553958892822,0.17761856370080512
scan9,subset_uniform,8,0.9967354536056519,0.08405007941584003,0.9959846138954163,0.09494618915572861,0.9967354536056519,0.08405007941584003,0.9566223621368408,0.29440033479452715,0.18129474203256604,0.9984135627746582,0.051533897230007356,0.9810044765472412,0.14413534467509612
scan9,subset_uniform,9,0.9974904656410217,0.07729538051622312,0.9969753623008728,0.08426634331890563,0.9974904656410217,0.07729538051622312,0.969255268573761,0.23913311854753072,0.17042560155988754,0.9987695217132568,0.04572288687082062,0.9853607416152954,0.12592581218370752
scan9,subset_uniform,10,0.9980477094650269,0.07197844429413697,0.9975959658622742,0.07929089934812912,0.9980477094650269,0.07197844429413697,0.9780590534210205,0.2030138499449959,0.15888010289996543,0.9989843368530273,0.04164589889648442,0.9892926812171936,0.10868429430839091
scan9,subset_uniform,11,0.9984568357467651,0.0682240442793822,0.9980926513671875,0.07451293076821842,0.9984568357467651,0.0682240442793822,0.9829856753349304,0.1801279408500093,0.14820696212220913,0.9991763830184937,0.03778842726184711,0.9918485283851624,0.09440693031048122
scan9,subset_uniform,12,0.9987313747406006,0.0671345343506652,0.9984966516494751,0.07238167384145998,0.9987313747406006,0.0671345343506652,0.9861975312232971,0.16391248863174507,0.13804603229386875,0.9993137121200562,0.03473809347884506,0.9938532114028931,0.0828733013956799
scan9,subset_uniform,13,0.9989134073257446,0.06446434810797787,0.9987527132034302,0.07058053280899974,0.9989134073257446,0.06446434810797787,0.9879859685897827,0.15317331476703308,0.1288854144637284,0.9994149208068848,0.03218878650231831,0.9949728846549988,0.07489250125651598
scan9,subset_uniform,14,0.9990369081497192,0.064659724885693,0.9988943338394165,0.06751589068371774,0.9990369081497192,0.064659724885693,0.9912327527999878,0.12950238666374547,0.12290865297975834,0.999505877494812,0.029702699235610107,0.9959630966186523,0.06686520358633748
scan9,subset_uniform,15,0.9991206526756287,0.06588845694877105,0.9990025758743286,0.06747503753326738,0.9991206526756287,0.06588845694877105,0.9930366277694702,0.11709918908495123,0.11933665643202479,0.9995790719985962,0.02753065269628983,0.996589720249176,0.06044085164904739
scan9,subset_uniform,16,0.9992682337760925,0.06661418556371032,0.9991443753242493,0.0690167515704443,0.9992682337760925,0.06661418556371032,0.9947183728218079,0.10150744498121456,0.11360724529236893,0.9996512532234192,0.025162166350443955,0.997209906578064,0.05432887755972035
scan24,subset_middle,2,0.9593232870101929,0.30444830620567626,0.9477540850639343,0.3607584171227235,0.9593232870101929,0.30444830620567626,0.5504394173622131,1.1750676108639067,0.26910319441157876,0.9644614458084106,0.2495925045012792,0.7864785194396973,0.6015986287174627
scan24,subset_middle,3,0.975689709186554,0.22086975434795098,0.9716588258743286,0.2442642678397534,0.975689709186554,0.22086975434795098,0.7788387537002563,0.6953782977738137,0.25658730011860986,0.9837841391563416,0.16466944367284322,0.8986936211585999,0.4124497109686729
scan24,subset_middle,4,0.9810641407966614,0.18834089332266224,0.980217695236206,0.19482753729555313,0.9810641407966614,0.18834089332266224,0.8540803790092468,0.5263430040358281,0.262315579658549,0.9903402924537659,0.12502880813249442,0.9353727102279663,0.3227029757090349
scan24,subset_middle,5,0.9885178804397583,0.1475473595117937,0.9846943616867065,0.16967874649404266,0.9885178804397583,0.1475473595117937,0.9034458994865417,0.44055857417710304,0.24491874206647435,0.9939621090888977,0.09944647838544543,0.9530537724494934,0.25711561650395914
scan24,subset_middle,6,0.9935253262519836,0.11206646793473506,0.9911122918128967,0.13127889843535412,0.9935253262519836,0.11206646793473506,0.9404410123825073,0.3568720470210549,0.21763886349935369,0.9968156218528748,0.07204914165082611,0.970801591873169,0.18920073601132134
scan24,subset_middle,7,0.9960376024246216,0.08932861604949408,0.994554340839386,0.10486799241105563,0.9960376024246216,0.08932861604949408,0.9588464498519897,0.2867490499134743,0.19668521121631347,0.998161792755127,0.054791687135642385,0.9796985387802124,0.14765988179836248
scan24,subset_middle,8,0.9973778128623962,0.07486958388071045,0.9965213537216187,0.08729747083953891,0.9973778128623962,0.07486958388071045,0.9717051386833191,0.23568621712250643,0.17806806172252543,0.9987823367118835,0.044304587620484726,0.9853441119194031,0.11877765822768131
scan24,subset_middle,9,0.9980716705322266,0.06767294941476286,0.9975541830062866,0.07568178516958385,0.9980716705322266,0.06767294941476286,0.9776867032051086,0.2046045052348923,0.16438678178231214,0.9991180300712585,0.037966900323317156,0.9892381429672241,0.09956558167858193
scan24,subset_middle,10,0.9985035061836243,0.06340239258599308,0.9981563091278076,0.06990923150326771,0.9985035061836243,0.06340239258599308,0.983302116394043,0.17172153574510904,0.15352964550326634,0.9993042945861816,0.033965155710256364,0.9918716549873352,0.08648047398395461
scan24,subset_middle,11,0.9987607002258301,0.06164247772640244,0.9985213279724121,0.06617632424187263,0.9987607002258301,0.06164247772640244,0.9870681166648865,0.14939997327547055,0.1448467817281817,0.9994171261787415,0.031301083401349836,0.9935887455940247,0.07680426658206282
scan24,subset_middle,12,0.9989390969276428,0.062331716106363864,0.9987627267837524,0.06612559016612789,0.9989390969276428,0.062331716106363864,0.9898005723953247,0.13223457128855792,0.13745258245116806,0.9994916319847107,0.029447059632898422,0.9950128793716431,0.06857041840206415
scan24,subset_middle,13,0.9990409016609192,0.061913519427942265,0.9989264607429504,0.06617974984589427,0.9990409016609192,0.061913519427942265,0.9911649227142334,0.12317129875518316,0.13074893692661702,0.9995499849319458,0.027885820515446906,0.9960188865661621,0.061352374621420486
scan24,subset_middle,14,0.9990748167037964,0.06433663371588376,0.9989599585533142,0.06586217870210735,0.9990748167037964,0.06433663371588376,0.9930197596549988,0.11168557280042907,0.1261629567492063,0.9995952844619751,0.026619144690832538,0.9966821670532227,0.05619140943508189
scan24,subset_middle,15,0.9990918636322021,0.06707179958948135,0.9990090727806091,0.06755732746972629,0.9990918636322021,0.06707179958948135,0.9939274787902832,0.10798488248601132,0.12369162329685833,0.9996256232261658,0.025796502793257854,0.9972003698348999,0.05182117738031165
scan24,subset_middle,16,0.9992139935493469,0.06863624027230304,0.9990944862365723,0.07026561345861625,0.9992139935493469,0.06863624027230304,0.9950843453407288,0.09576602411862221,0.11825479276428659,0.9996589422225952,0.024792897752415503,0.9976192712783813,0.048553244878962426
scan24,subset_uniform,2,0.9540275931358337,0.32276502769853577,0.9451408982276917,0.3689642327721566,0.9540275931358337,0.32276502769853577,0.5283404588699341,1.1678645064603976,0.2823856452393814,0.960802435874939,0.2604806265649544,0.7534473538398743,0.6505952535027698
scan24,subset_uniform,3,0.9700711369514465,0.2446072548665449,0.9686918258666992,0.2567736633162148,0.9700711369514465,0.2446072548665449,0.7316399812698364,0.7471917017450966,0.2818733317645103,0.9810166954994202,0.17965688178486847,0.8795450925827026,0.4509304206940715
scan24,subset_uniform,4,0.9815405607223511,0.18739379848749244,0.9769957661628723,0.21101508486978876,0.9815405607223511,0.18739379848749244,0.8500291705131531,0.560698521202737,0.2667641596007948,0.9887228012084961,0.1371453382314166,0.9289982318878174,0.3413232566527166
scan24,subset_uniform,5,0.9900246858596802,0.13746788135820615,0.986110270023346,0.16216347987519983,0.9900246858596802,0.13746788135820615,0.912615954875946,0.43637928713982205,0.2386806225533454,0.9948596358299255,0.0921033419482573,0.9575634598731995,0.24452910780418718
scan24,subset_uniform,6,0.9943976402282715,0.10471245706736713,0.992033064365387,0.12428848255172828,0.9943976402282715,0.10471245706736713,0.9427089095115662,0.35064091468946024,0.2138461890292668,0.9972869753837585,0.0670018236749854,0.9725973606109619,0.18226910042734198
scan24,subset_uniform,7,0.9965798258781433,0.0842137023102322,0.995279848575592,0.09882273399618917,0.9965798258781433,0.0842137023102322,0.9632979035377502,0.2755376734004958,0.1939127887230595,0.9983282685279846,0.05271577986057148,0.981711745262146,0.14123280340251196
scan24,subset_uniform,8,0.9975970387458801,0.07245376552383313,0.9969183802604675,0.08376051641195385,0.9975970387458801,0.07245376552383313,0.9729262590408325,0.23533632197635002,0.17603567702602171,0.9988490343093872,0.043612454809188066,0.9866229891777039,0.11739745821161879
scan24,subset_uniform,9,0.9981949329376221,0.06571817424154368,0.9977471828460693,0.0733951075883627,0.9981949329376221,0.06571817424154368,0.9803179502487183,0.19234665530393225,0.1632621719599027,0.9991591572761536,0.03725796588894047,0.9904811382293701,0.09789199533956545
scan24,subset_uniform,10,0.9985513091087341,0.06246314328481894,0.9982686042785645,0.06821531907137812,0.9985513091087341,0.06246314328481894,0.9845132827758789,0.16151676707062612,0.15310761397033695,0.9993149638175964,0.033542295710503066,0.9925792217254639,0.08470602883065198
scan24,subset_uniform,11,0.9988065361976624,0.06092812331396358,0.9985867142677307,0.06521826040069827,0.9988065361976624,0.06092812331396358,0.9874617457389832,0.14320323502428572,0.14447679875100225,0.9994258880615234,0.03081049867041278,0.9942665696144104,0.07529278865261811
scan24,subset_uniform,12,0.9989917874336243,0.06165493300532535,0.9988276958465576,0.06544787039831955,0.9989917874336243,0.06165493300532535,0.9902759790420532,0.12851046715585057,0.13669541558045217,0.9995167851448059,0.02877891571789793,0.9953742623329163,0.06717270194625737
scan24,subset_uniform,13,0.9990863800048828,0.0614873617617731,0.9989956021308899,0.06549667351208217,0.9990863800048828,0.0614873617617731,0.992264449596405,0.11673808583180487,0.13024323065473997,0.9995768666267395,0.02720571146082158,0.9964863657951355,0.060702041952549746
scan24,subset_uniform,14,0.9991190433502197,0.06385666247945003,0.9990240931510925,0.06534731890056346,0.9991190433502197,0.06385666247945003,0.9931578040122986,0.11126289732456514,0.12546594126555607,0.9996203780174255,0.02612954945483326,0.9969043731689453,0.05659667603852565
scan24,subset_uniform,15,0.99913489818573,0.06654322213096821,0.9990657567977905,0.06699541141917247,0.99913489818573,0.06654322213096821,0.9939736127853394,0.10879415741808666,0.12269998294038886,0.9996545910835266,0.025040295675274146,0.9972813129425049,0.05260183431441123
scan24,subset_uniform,16,0.9992437362670898,0.06819787304601742,0.9991443753242493,0.0696848954010938,0.9992437362670898,0.06819787304601742,0.994956910610199,0.0982243914625256,0.11719587319129088,0.9996941089630127,0.023702838902223324,0.9976546764373779,0.04950724179616482
scan62,subset_middle,2,0.9470784664154053,0.3449778383043644,0.9376441836357117,0.397920545888832,0.9470784664154053,0.3449778383043644,0.49721527099609375,1.1779998273317758,0.294488769315357,0.9497014284133911,0.2949938684887101,0.7487261295318604,0.6671152309203002
scan62,subset_middle,3,0.9694408178329468,0.24558041311836584,0.9649292230606079,0.2697117484229406,0.9694408178329468,0.24558041311836584,0.7789685130119324,0.6834655781956516,0.28811665054414237,0.9818549752235413,0.17671979734737867,0.8975074887275696,0.4224472559244759
scan62,subset_middle,4,0.9823175668716431,0.18383775597491683,0.9778041243553162,0.20655642192862414,0.9823175668716431,0.18383775597491683,0.8704781532287598,0.5213461403989593,0.26916331563281465,0.9912253618240356,0.121255588782737,0.9371014833450317,0.3182747905508511
scan62,subset_middle,5,0.9899881482124329,0.13826881229150836,0.986571192741394,0.16034652453473386,0.9899881482124329,0.13826881229150836,0.9145329594612122,0.4325674276791656,0.23895174812577083,0.9952114820480347,0.08870995556573852,0.9600394368171692,0.23690008442607635
scan62,subset_middle,6,0.9938732385635376,0.10918517688875388,0.9921000003814697,0.12425031757363061,0.9938732385635376,0.10918517688875388,0.9438242316246033,0.3394625785460581,0.21765387494933908,0.9973359704017639,0.06636238382746876,0.9721558094024658,0.18209022468865427
scan62,subset_middle,7,0.9958959817886353,0.09143679198281664,0.9948166608810425,0.10285743572866304,0.9958959817886353,0.09143679198281664,0.9585598111152649,0.2891431461854649,0.19862142258412166,0.9982020258903503,0.05437760594736198,0.979733943939209,0.14735552558533258
scan62,subset_middle,8,0.9971081018447876,0.0791143574878659,0.9963509440422058,0.0900386998363141,0.9971081018447876,0.0791143574878659,0.9695793390274048,0.24629455812586273,0.18119497636223786,0.998690664768219,0.04632093034983255,0.9845223426818848,0.12605138595570684
scan62,subset_middle,9,0.9977689981460571,0.07341289286165048,0.9972397089004517,0.0805977195567843,0.9977689981460571,0.07341289286165048,0.9749845862388611,0.2155827700646244,0.16937497941738097,0.9989502429962158,0.04169879757371674,0.9880693554878235,0.10948642080858616
scan62,subset_middle,10,0.9982492923736572,0.06854235767605955,0.9978368878364563,0.07596514725152224,0.9982492923736572,0.06854235767605955,0.9788261651992798,0.2022319613082473,0.1574242771718819,0.9991247057914734,0.03829634706020083,0.9908021092414856,0.09753093566859468
scan62,subset_middle,11,0.9986060261726379,0.06532115306723137,0.9982981085777283,0.07114920290819651,0.9986060261726379,0.06532115306723137,0.9845997095108032,0.1710104348446652,0.14711315455857435,0.9992771744728088,0.03483849230010997,0.9928802847862244,0.084902640763012
scan62,subset_middle,12,0.9988583326339722,0.06506152996117406,0.9986112713813782,0.07004718031353917,0.9988583326339722,0.06506152996117406,0.9877376556396484,0.15011645833449297,0.13817019754266507,0.9993940591812134,0.03217658157206697,0.9941441416740417,0.07715245466168892
scan62,subset_middle,13,0.9990442395210266,0.063061432851948,0.9988683462142944,0.06875302223803421,0.9990442395210266,0.063061432851948,0.9905160665512085,0.13174924638703855,0.13052649822149728,0.9994955658912659,0.029626817973799558,0.9956294894218445,0.06680770602457443
scan62,subset_middle,14,0.9991195201873779,0.06425788230987314,0.9989776015281677,0.06676930849087492,0.9991195201873779,0.06425788230987314,0.9932591915130615,0.1125174330514776,0.12564907648766815,0.999565601348877,0.027786683677951732,0.9965969324111938,0.05915882725787457
scan62,subset_middle,15,0.9991441965103149,0.06638178632458279,0.9990605711936951,0.06739146617019795,0.9991441965103149,0.06638178632458279,0.9941139817237854,0.10871021614469259,0.12283073968805108,0.9996082782745361,0.02650961697865138,0.99716717004776,0.05300660892514688
scan62,subset_middle,16,0.9992552995681763,0.06745601815842518,0.9991511702537537,0.06966162188196048,0.9992552995681763,0.06745601815842518,0.9949169158935547,0.09927911669401258,0.11715528375907788,0.9996583461761475,0.02495678773581638,0.9976188540458679,0.0490789803569974
scan62,subset_uniform,2,0.9474986791610718,0.3469018342944472,0.9341481328010559,0.406729937628477,0.9474986791610718,0.3469018342944472,0.4834664762020111,1.253041741346032,0.2894081831955759,0.9480814933776855,0.2987071806878367,0.7327219247817993,0.6935803738013465
scan62,subset_uniform,3,0.9609329700469971,0.27612694466461696,0.9628548622131348,0.2760898836643899,0.9609329700469971,0.27612694466461696,0.7010375261306763,0.7543548496085964,0.3169319273041498,0.9798925518989563,0.1868573139028693,0.8748936057090759,0.46935931153619326
scan62,subset_uniform,4,0.9776304960250854,0.20750768006920628,0.9706966280937195,0.23810967510079736,0.9776304960250854,0.20750768006920628,0.8261651992797852,0.6212062025288654,0.2869141415080038,0.9876299500465393,0.14586207695214795,0.9210204482078552,0.36530370177463073
scan62,subset_uniform,5,0.9891736507415771,0.14532589984320668,0.9842700958251953,0.17482672364824917,0.9891736507415771,0.14532589984320668,0.9117917418479919,0.4571650803897792,0.24717876924970783,0.9948958158493042,0.09384222006902546,0.9556938409805298,0.25779861101355894
scan62,subset_uniform,6,0.9938682913780212,0.11100066635159657,0.9918256402015686,0.12801155046722115,0.9938682913780212,0.11100066635159657,0.9468377828598022,0.3422805211701686,0.22167299188282455,0.99735027551651,0.06725985896714172,0.9739009141921997,0.18486753380926668
scan62,subset_uniform,7,0.9956792593002319,0.09596903180973507,0.9947871565818787,0.10533829863563371,0.9956792593002319,0.09596903180973507,0.9642062783241272,0.2681670376072272,0.20650185642208435,0.9982333183288574,0.0553329131045991,0.9816650748252869,0.14914172758298322
scan62,subset_uniform,8,0.9969930052757263,0.08169808562585153,0.996199369430542,0.09367115068687813,0.9969930052757263,0.08169808562585153,0.9737420678138733,0.23762578718885846,0.18710642166522848,0.9986498951911926,0.048615110029050966,0.9863792061805725,0.1266926794741603
scan62,subset_uniform,9,0.9978981614112854,0.07187914739323964,0.9972524046897888,0.08187743128615681,0.9978981614112854,0.07187914739323964,0.9802923202514648,0.206072488347123,0.17020874284969784,0.9989312291145325,0.043255860789001996,0.9901106357574463,0.10819287102671668
scan62,subset_uniform,10,0.9983540773391724,0.06753865477096108,0.998046338558197,0.07414385949976089,0.9983540773391724,0.06753865477096108,0.9860553741455078,0.16866220255955636,0.15752625186575275,0.9992102384567261,0.037202193903193875,0.9931634664535522,0.08999451229189787
scan62,subset_uniform,11,0.9986709356307983,0.06450473717106417,0.998442530632019,0.06976949504910651,0.9986709356307983,0.06450473717106417,0.9893341064453125,0.14552700572647956,0.1469382316376871,0.9993480443954468,0.03393852862115432,0.994618833065033,0.07980138118146542
scan62,subset_uniform,12,0.9989235401153564,0.06377131797145347,0.9987381100654602,0.06844210156594421,0.9989235401153564,0.06377131797145347,0.9921316504478455,0.12394672329671363,0.13794152537120366,0.9994599223136902,0.03107339739905091,0.9957900047302246,0.07055002090769517
scan62,subset_uniform,13,0.999062716960907,0.06201072368482273,0.9989545941352844,0.0672062102592554,0.999062716960907,0.06201072368482273,0.9928640127182007,0.11852364590776791,0.13010289683465934,0.9995481967926025,0.028631037007147253,0.996677041053772,0.061965567864584556
scan62,subset_uniform,14,0.999151885509491,0.06281638000984581,0.9990328550338745,0.06527515331614986,0.999151885509491,0.06281638000984581,0.9939482808113098,0.1081381496464499,0.12472147775157497,0.9996061325073242,0.026889521513563084,0.9971829056739807,0.05623210567052911
scan62,subset_uniform,15,0.9991881251335144,0.06481793429143864,0.9991138577461243,0.06574205919899938,0.9991881251335144,0.06481793429143864,0.9951068162918091,0.10021880261673335,0.12143950179989992,0.9996581077575684,0.02512458094325927,0.9977195858955383,0.04997780213739819
scan62,subset_uniform,16,0.9992876648902893,0.0660542526387492,0.999200701713562,0.06796422068366267,0.9992876648902893,0.0660542526387492,0.9956681132316589,0.09245790056218767,0.1158436208256972,0.9996992349624634,0.023615622611141883,0.9979904294013977,0.046790681512995244
