lr,step,train_loss,param_drift,gate_drift,k12_absrel,k12_rmse,k12_rot_deg,k12_trans_deg,k14_absrel,k14_rmse,k14_rot_deg,k14_trans_deg,delta_k12_pct,delta_k14_pct,within_5pct_calibration
1e-06,0,0.0,0.0,0.0,0.005800840138302494,9.740981698036194,0.0,15.80366622021189,0.005712747306097298,9.685964337984721,0.0,14.206173825169065,0.0,0.0,True
1e-06,1,0.11996188759803772,1.595340836502146e-05,2.71234821411781e-05,0.005809521089152743,9.752830175558726,0.0,14.784078719956895,0.005722003298190733,9.685599799950918,0.0,14.410404743391169,0.14964988938290538,0.16202348182906334,True
1e-06,5,0.0691293329000473,5.296640665619634e-05,0.00010802485485328361,0.005809532136966785,9.744057345390319,0.0,17.417148307548224,0.005727670202031731,9.686981439590456,0.0,15.652635560724661,0.14984034134811505,0.26122100514590707,True
1e-06,10,0.14094358682632446,9.378392860526219e-05,0.00022400480520445853,0.005813882837537676,9.745923499266306,0.0,16.3937951052243,0.005713460384868085,9.67741400798162,0.0,15.34838190443908,0.22484155612325107,0.012482238975036843,True
1e-06,25,0.0627799853682518,0.00018389032629784197,0.0004457299946807325,0.005791298715242495,9.724655648072561,0.0,15.389678748278277,0.005731483867081503,9.68001883427302,0.0,14.223981330733173,-0.16448346847206066,0.32797811596194176,True
1e-06,50,0.055536288768053055,0.00032334186835214496,0.0007570219459012151,0.0058119705063290885,9.727281057834626,0.0,17.710818941453887,0.005723227409180253,9.673963701725006,0.0,16.031991901386522,0.19187510362682317,0.18345119294475257,True
1e-06,100,0.04897548258304596,0.0005198213621042669,0.001171354902908206,0.005812682001851499,9.71403036912282,0.0,19.507317951078395,0.005733240077582498,9.65887272755305,0.0,15.415962586859797,0.2041404911473815,0.3587200761239291,True
1e-06,200,0.06192810833454132,0.0010588237782940269,0.002512353705242276,0.0058530926976042485,9.690732506910962,0.0,16.012049493909977,0.00577594773688664,9.649448076883953,0.0,13.056991525559587,0.9007757162059109,1.106305379933175,True
3e-06,0,0.0,0.0,0.0,0.005800840138302494,9.740981698036194,0.0,15.80366622021189,0.005712747306097298,9.685964337984721,0.0,14.206173825169065,0.0,0.0,True
3e-06,1,0.11996188759803772,4.786391946254298e-05,8.175307448254898e-05,0.005817963574857761,9.752852551142375,0.0,17.20500653616336,0.0057054481663120285,9.676874935626984,0.0,15.68792064347815,0.29518890621036104,-0.1277693444882353,True
3e-06,5,0.06913884729146957,0.00015882645675446838,0.0003225138352718204,0.00580755303769062,9.732522912820182,0.0,18.77824712348387,0.005723187785285215,9.682529048124948,0.0,16.920105684392105,0.11572288199774236,0.18275758804827727,True
3e-06,10,0.13594645261764526,0.0002816379419527948,0.0006669866852462292,0.005813234710755447,9.728516590595245,0.0,13.461688013895195,0.005722263370019694,9.668584962685902,0.0,14.350318180101699,0.21366857485198526,0.16657596446177014,True
3e-06,25,0.06046970188617706,0.0005513565265573561,0.0013309636851772666,0.005814498604740947,9.711608588695526,0.0,16.523151249275916,0.005732867024683704,9.65137152671814,0.0,13.776783837319385,0.23545669442374223,0.35218989232958814,True
3e-06,50,0.05776863172650337,0.0009552263072691858,0.002287772484123707,0.00584043732766683,9.698754982153574,0.0,13.515536812209637,0.005772147102591892,9.657264387607574,0.0,16.513851765738714,0.6826112842324066,1.0397763687393458,True
3e-06,100,0.047629065811634064,0.001512321992777288,0.0034272053744643927,0.005877405610711625,9.672029050191243,0.0,18.9703805369354,0.005817747709807008,9.64595722357432,0.0,17.85443775579623,1.3199031620191508,1.8380018944237453,True
3e-06,200,0.06616760045289993,0.003031022846698761,0.0072864326648414135,0.006046611121079575,9.66560968955358,0.0,13.987367920920345,0.00603526304087912,9.651891255378723,0.0,15.503885825346146,4.236817028524434,5.64554526046682,False
1e-05,0,0.0,0.0,0.0,0.005800840138302494,9.740981698036194,0.0,15.80366622021189,0.005712747306097298,9.685964337984721,0.0,14.206173825169065,0.0,0.0,True
1e-05,1,0.11996188759803772,0.00015955223352648318,0.0002711492998059839,0.0058090737749201555,9.742659056186676,0.0,17.498928385627316,0.005725544706607858,9.692472819487254,0.0,16.956700158876863,0.1419386920059244,0.22401481852524643,True
1e-05,5,0.06673169881105423,0.0005279454053379595,0.0010858230525627732,0.005807753609648595,9.71569195985794,0.0,14.695900611360841,0.0057479300419799985,9.67058948278427,0.0,17.253310191372268,0.11918051836063903,0.6158636816501429,True
1e-05,10,0.13269661366939545,0.0009335428476333618,0.002281732624396682,0.005844867326474438,9.694788269201915,0.0,15.731302266268978,0.005762144969776272,9.653812038898469,0.0,16.796268779419997,0.7589795119716457,0.8646919079765798,True
1e-05,25,0.05618807673454285,0.0017974841175600886,0.004576125182211399,0.005904515211780865,9.679708361625668,0.23888811449179775,16.52814364353695,0.005869279487524181,9.654599678516387,0.11944405724589888,14.215501795842254,1.787242382251024,2.74005085538816,True
1e-05,50,0.06120936572551727,0.0030500562861561775,0.007817222736775875,0.006048766826279462,9.680280673503876,0.0,16.604376290219268,0.006065948583030453,9.658389723300933,0.0,13.578748842493535,4.273978976595601,6.1826868581457735,False
1e-05,100,0.04964922368526459,0.00456208223477006,0.010604366660118103,0.006183135994554808,9.66515747308731,0.11944405724589888,15.676181409699314,0.006194283933533976,9.676214818159739,0.0,15.689345347123165,6.5903532443179,8.42916029075409,False
1e-05,200,0.06793935596942902,0.008389458991587162,0.01907726377248764,0.006903291881705324,9.833124279975893,0.0,16.971409093428605,0.007060165881800156,9.900845563411712,0.0,15.272636519716892,19.00503577272242,23.586174978626097,False
3e-05,0,0.0,0.0,0.0,0.005800840138302494,9.740981698036194,0.0,15.80366622021189,0.005712747306097298,9.685964337984721,0.0,14.206173825169065,0.0,0.0,True
3e-05,1,0.11996188759803772,0.00047867189277894795,0.0008132812799885869,0.005817299949315687,9.727227369944256,0.0,14.85244334334269,0.005713834675649803,9.667210368315379,0.0,16.999424352837043,0.2837487436433614,0.019034091554229856,True
3e-05,5,0.061951227486133575,0.0015589898684993386,0.0032770924735814333,0.005859570729080587,9.682672560214996,0.11944405724589888,12.743344351463152,0.005784198129549624,9.627584540843964,0.11944405724589888,15.728430756024327,1.0124497379319162,1.2507261326973929,True
3e-05,10,0.1224178895354271,0.002724413061514497,0.007087842095643282,0.005973526012773315,9.64761509895325,0.11944405724589888,17.13087972106784,0.005983036189960937,9.639756619930267,0.0,13.816253623120215,2.9769114534046475,4.7313292428523095,True
3e-05,25,0.052211176604032516,0.004906265530735254,0.013560282066464424,0.00641987454922249,9.726147544384002,0.0,14.568699466919895,0.006523718452081084,9.765220491091409,0.0,15.016897564593133,10.671461308381181,14.195816872876982,False
3e-05,50,0.06784602254629135,0.00797456968575716,0.021767204627394676,0.007114476256538183,9.898255225022634,0.0,17.100066118593382,0.0071951548685319725,9.918389654159546,0.0,14.863426562781138,22.645618340037537,25.94911840144722,False
3e-05,100,0.05581935867667198,0.01158960722386837,0.024757247418165207,0.0066628998921563235,9.719415243466695,0.11944405724589888,16.61447888349627,0.006760523794218896,9.749995978673299,0.0,17.34677961550182,14.860946574992063,18.341026339521285,False
3e-05,200,0.05310937762260437,0.01969083957374096,0.03842094540596008,0.0069809376339738565,9.785844492912293,0.0,18.088273083103033,0.006902513451253374,9.77814291715622,0.0,18.080806098854836,20.343561752017102,20.826514484304617,False
