seq_id,scan_name,subset_name,iteration,ablation_type,final_absrel,final_rmse,final_rot_err_deg,final_trans_err_deg,delta_absrel,delta_rmse,delta_rot,delta_trans
scan1_subset_middle,scan1,subset_middle,1,skip_frame,0.003972362726926804,7.431874394416809,0.0,13.777796975820836,-0.0003073678041497869,0.08774439493815134,0.0,-0.36810014088491627
scan1_subset_middle,scan1,subset_middle,1,skip_global,0.004798460829382141,7.570551832516988,0.0,17.87187710882799,0.0005187302983055506,0.22642183303833008,0.0,3.725979992122239
scan1_subset_middle,scan1,subset_middle,2,skip_frame,0.003912071309362848,7.461781024932861,0.0,16.671635473501315,-0.0003676592217137422,0.11765102545420358,0.0,2.5257383567955625
scan1_subset_middle,scan1,subset_middle,2,skip_global,0.004709494765847921,7.509404420852661,0.0,11.263180274747747,0.00042976423477133086,0.1652744213740034,0.0,-2.882716841958006
scan1_subset_middle,scan1,subset_middle,3,skip_frame,0.003901658928953111,7.426730036735535,0.0,11.721610005358144,-0.00037807160212347934,0.08260003725687692,0.0,-2.424287111347608
scan1_subset_middle,scan1,subset_middle,3,skip_global,0.004551543892982106,7.42906125386556,0.0,14.653179606378634,0.0002718133619055152,0.08493125438690186,0.0,0.5072824896728818
scan1_subset_middle,scan1,subset_middle,4,skip_frame,0.0039754043488452835,7.397171417872111,0.0,13.40215884073274,-0.00030432618223130703,0.053041418393453554,0.0,-0.743738275973012
scan1_subset_middle,scan1,subset_middle,4,skip_global,0.004630930838175118,7.446950952212016,0.0,9.581555924702709,0.00035120030709852746,0.10282095273335834,0.0,-4.5643411920030434
scan1_subset_middle,scan1,subset_middle,5,skip_frame,0.004107794879625241,7.42527174949646,0.0,19.166273871252116,-0.00017193565145134926,0.08114175001780222,0.0,5.020376754546364
scan1_subset_middle,scan1,subset_middle,5,skip_global,0.004382252848396699,7.362153132756551,0.0,15.774159359880018,0.00010252231732010841,0.018023133277893066,0.0,1.628262243174266
scan1_subset_middle,scan1,subset_middle,6,skip_frame,0.004241470169896881,7.428922255833943,0.0,24.336618252385772,-3.8260361179709435e-05,0.08479225635528564,0.0,10.19072113568002
scan1_subset_middle,scan1,subset_middle,6,skip_global,0.004517892414393525,7.38490362962087,0.0,9.591247749691545,0.0002381618833169341,0.040773630142211914,0.0,-4.554649367014207
scan1_subset_middle,scan1,subset_middle,7,skip_frame,0.00425285950768739,7.421676119168599,0.0,20.277918641574896,-2.687102338920066e-05,0.0775461196899414,0.0,6.132021524869144
scan1_subset_middle,scan1,subset_middle,7,skip_global,0.004545120677600305,7.39092214902242,0.0,23.509110632195995,0.00026539014652371407,0.04679214954376221,0.0,9.363213515490243
scan1_subset_middle,scan1,subset_middle,8,skip_frame,0.004128086768711607,7.383070588111877,0.0,14.242377941002545,-0.00015164376236498356,0.0389405886332197,0.0,0.09648082429679228
scan1_subset_middle,scan1,subset_middle,8,skip_global,0.004549350938759744,7.377793391545613,0.0,13.862467273571292,0.00026962040768315366,0.033663392066955566,0.0,-0.28342984313445996
scan1_subset_middle,scan1,subset_middle,9,skip_frame,0.004213024474059542,7.389727592468262,0.0,18.8471189815747,-6.670605701704878e-05,0.045597592989603974,0.0,4.7012218648689466
scan1_subset_middle,scan1,subset_middle,9,skip_global,0.004692414814295868,7.4128497838974,0.0,11.428349501189105,0.00041268428321927786,0.06871978441874216,0.0,-2.717547615516647
scan1_subset_middle,scan1,subset_middle,10,skip_frame,0.00425490989194562,7.396435101826985,0.0,20.19135086746955,-2.482063913097042e-05,0.05230510234832764,0.0,6.045453750763796
scan1_subset_middle,scan1,subset_middle,10,skip_global,0.0048416135444616275,7.463764429092407,0.0,14.98800230968183,0.000561883013385037,0.11963442961374948,0.0,0.8421051929760779
scan1_subset_middle,scan1,subset_middle,11,skip_frame,0.004156094471303125,7.34395702679952,0.0,23.227732700618173,-0.00012363605977346558,-0.0001729726791381836,0.0,9.08183558391242
scan1_subset_middle,scan1,subset_middle,11,skip_global,0.004647768723467986,7.400101502736409,0.0,9.627448543811932,0.00036803819239139557,0.055971503257751465,0.0,-4.518448572893821
scan1_subset_middle,scan1,subset_middle,12,skip_frame,0.004188030841760337,7.329985857009888,0.0,22.917889955674312,-9.169968931625316e-05,-0.014144142468770049,0.0,8.77199283896856
scan1_subset_middle,scan1,subset_middle,12,skip_global,0.004704590770415962,7.4282227754592896,0.0,17.1990069280119,0.00042486023933937123,0.0840927759806318,0.0,3.0531098113061486
scan1_subset_middle,scan1,subset_middle,13,skip_frame,0.0041297302426149445,7.30494471391042,0.0,20.807049874759496,-0.00015000028846164602,-0.039185285568237305,0.0,6.661152758053744
scan1_subset_middle,scan1,subset_middle,13,skip_global,0.004841103994597991,7.489957292874654,0.0,24.6179352458696,0.0005613734635214005,0.1458272933959961,0.0,10.472038129163847
scan1_subset_middle,scan1,subset_middle,14,skip_frame,0.004452092029775183,7.400191783905029,0.0,13.042055081564293,0.00017236149869859219,0.05606178442637155,0.0,-1.1038420351414597
scan1_subset_middle,scan1,subset_middle,14,skip_global,0.004179040668532252,7.301441788673401,0.0,8.231123472128052,-0.0001006898625443382,-0.042688210805256865,0.0,-5.9147736445777
scan1_subset_middle,scan1,subset_middle,15,skip_frame,0.005256002303212881,7.665146907170613,0.0,25.168931853365056,0.0009762717721362906,0.32101690769195557,0.0,11.023034736659303
scan1_subset_middle,scan1,subset_middle,15,skip_global,0.0039128494293739395,7.236260573069255,0.0,25.275424516578948,-0.00036688110170265097,-0.10786942640940289,0.0,11.129527399873195
scan1_subset_middle,scan1,subset_middle,16,skip_frame,0.0054139262065291405,7.727166096369426,0.0,16.957191284162743,0.00113419567545255,0.383036096890768,0.0,2.8112941674569907
scan1_subset_middle,scan1,subset_middle,16,skip_global,0.0035709704582889876,7.130852977434794,0.0,11.12352687413741,-0.0007087600727876029,-0.21327702204386334,0.0,-3.0223702425683427
scan1_subset_uniform,scan1,subset_uniform,1,skip_frame,0.0033350821662073336,5.936594406763713,0.0,17.48435480032309,0.00011891553488870476,-0.004386782646179199,0.0,-0.00754801715005371
scan1_subset_uniform,scan1,subset_uniform,1,skip_global,0.0034576658314714828,6.011192679405212,0.0,14.763150481173023,0.00024149920015285398,0.07021148999532034,0.0,-2.7287523363001203
scan1_subset_uniform,scan1,subset_uniform,2,skip_frame,0.0033017449701825776,5.964743455251058,0.0,20.89567396269184,8.557833886394884e-05,0.023762265841165586,0.0,3.4037711452186983
scan1_subset_uniform,scan1,subset_uniform,2,skip_global,0.0033124376010770598,5.94662082195282,0.0,6.15993014917202,9.627096975843097e-05,0.005639632542927764,0.0,-11.331972668301123
scan1_subset_uniform,scan1,subset_uniform,3,skip_frame,0.0032599590873966613,5.938997387886047,0.0,17.953220535270216,4.379245607803251e-05,-0.001983801523844697,0.0,0.46131771779707265
scan1_subset_uniform,scan1,subset_uniform,3,skip_global,0.0033050661828989782,5.959916353225708,0.0,21.589642935806165,8.889955158034946e-05,0.018935163815815947,0.0,4.0977401183330215
scan1_subset_uniform,scan1,subset_uniform,4,skip_frame,0.0031920364126563072,5.9263603289922075,0.0,13.89897555960646,-2.4130218662321568e-05,-0.014620860417684511,0.0,-3.592927257866682
scan1_subset_uniform,scan1,subset_uniform,4,skip_global,0.003243627220702668,5.924904187520345,0.0,13.825490283591286,2.7460589384039388e-05,-0.016077001889547304,0.0,-3.666412533881857
scan1_subset_uniform,scan1,subset_uniform,5,skip_frame,0.0032205566531047225,5.956615289052327,0.0,15.246791587268278,4.390021786093712e-06,0.015634099642435118,0.0,-2.2451112302048646
scan1_subset_uniform,scan1,subset_uniform,5,skip_global,0.0033023918125157556,5.933132688204448,0.0,18.270160238074634,8.622518119712685e-05,-0.007848501205444336,0.0,0.7782574206014914
scan1_subset_uniform,scan1,subset_uniform,6,skip_frame,0.003220331505872309,5.951378305753072,0.0,17.231010526419936,4.16487455368042e-06,0.010397116343179746,0.0,-0.26089229105320655
scan1_subset_uniform,scan1,subset_uniform,6,skip_global,0.0032350588977957764,5.90952471892039,0.0,20.214011016110323,1.8892266477147594e-05,-0.03145647048950195,0.0,2.72210819863718
scan1_subset_uniform,scan1,subset_uniform,7,skip_frame,0.003254364322250088,5.9744283358256025,0.0,14.233924123374676,3.819769093145941e-05,0.03344714641571045,0.0,-3.257978694098467
scan1_subset_uniform,scan1,subset_uniform,7,skip_global,0.003272877229998509,5.9260886907577515,0.0,18.38088272716242,5.6710598679880157e-05,-0.014892498652140596,0.0,0.8889799096892759
scan1_subset_uniform,scan1,subset_uniform,8,skip_frame,0.0032668428029865026,5.966993133227031,0.0,13.69677029940137,5.067617166787386e-05,0.026011943817138672,0.0,-3.7951325180717728
scan1_subset_uniform,scan1,subset_uniform,8,skip_global,0.0032921514939516783,5.942490537961324,0.0,12.880481762957961,7.598486263304949e-05,0.0015093485514316995,0.0,-4.611421054515182
scan1_subset_uniform,scan1,subset_uniform,9,skip_frame,0.0032583075808361173,5.9556519985198975,0.0,14.55200034119786,4.214094951748848e-05,0.0146708091100054,0.0,-2.9399024762752823
scan1_subset_uniform,scan1,subset_uniform,9,skip_global,0.0033359416217232742,5.9483199914296465,0.0,13.587690488595925,0.00011977499040464546,0.0073388020197544535,0.0,-3.904212328877218
scan1_subset_uniform,scan1,subset_uniform,10,skip_frame,0.003183376082840065,5.9396612246831255,0.0,14.746783960539497,-3.279054847856377e-05,-0.0013199647267665426,0.0,-2.7451188569336455
scan1_subset_uniform,scan1,subset_uniform,10,skip_global,0.0034137379843741655,5.977705955505371,0.0,13.019789038396022,0.00019757135305553675,0.03672476609547903,0.0,-4.472113779077121
scan1_subset_uniform,scan1,subset_uniform,11,skip_frame,0.0031568846510102353,5.917558073997498,0.0,14.210036283804492,-5.928198030839349e-05,-0.023423115412394502,0.0,-3.2818665336686514
scan1_subset_uniform,scan1,subset_uniform,11,skip_global,0.003467098344117403,5.983528574307759,0.0,14.944415715404178,0.00025093171279877424,0.042547384897867246,0.0,-2.547487102068965
scan1_subset_uniform,scan1,subset_uniform,12,skip_frame,0.0031131867629786334,5.896940271059672,0.0,14.099503652631293,-0.0001029798683399954,-0.04404091835021973,0.0,-3.3923991648418497
scan1_subset_uniform,scan1,subset_uniform,12,skip_global,0.0034626390552148223,5.975255846977234,0.0,15.286149022682693,0.0002464724238961935,0.034274657567341826,0.0,-2.20575379479045
scan1_subset_uniform,scan1,subset_uniform,13,skip_frame,0.003177680579635004,5.9178948402404785,0.0,19.34098178592799,-3.848605168362473e-05,-0.023086349169413545,0.0,1.8490789684548474
scan1_subset_uniform,scan1,subset_uniform,13,skip_global,0.003313992250089844,5.934306661287944,0.0,13.865390345518746,9.782561877121542e-05,-0.006674528121948242,0.0,-3.6265124719543973
scan1_subset_uniform,scan1,subset_uniform,14,skip_frame,0.003419936324159304,5.997701406478882,0.0,12.486061568147681,0.00020376969284067537,0.056720217068989776,0.0,-5.005841249325462
scan1_subset_uniform,scan1,subset_uniform,14,skip_global,0.0031980501177410283,5.920101642608643,0.0,12.420896209593522,-1.8116513577600465e-05,-0.020879546801249482,0.0,-5.071006607879621
scan1_subset_uniform,scan1,subset_uniform,15,skip_frame,0.004027254646643996,6.233252207438151,0.0,17.2750672120246,0.0008110880153253675,0.2922710180282593,0.0,-0.2168356054485443
scan1_subset_uniform,scan1,subset_uniform,15,skip_global,0.003051115859610339,5.891560475031535,0.0,18.200623638492942,-0.00016505077170828964,-0.049420714378356934,0.0,0.7087208210197993
scan1_subset_uniform,scan1,subset_uniform,16,skip_frame,0.004267406921523313,6.286009430885315,0.0,24.228288357219906,0.0010512402902046842,0.3450282414754229,0.0,6.736385539746763
scan1_subset_uniform,scan1,subset_uniform,16,skip_global,0.0031084578561907015,5.937223315238953,1.1944405724589888,30.975947124191777,-0.00010770877512792732,-0.0037578741709394237,1.1944405724589888,13.484044306718634
scan4_subset_middle,scan4,subset_middle,1,skip_frame,0.007809847981358568,19.471313794453938,0.0,11.836052172779235,0.00013190515649815458,-0.05367390314738074,0.0,-5.19322604846173
scan4_subset_middle,scan4,subset_middle,1,skip_global,0.007788615922133128,19.544884999593098,0.0,18.624308570321457,0.00011067309727271456,0.019897301991779415,0.0,1.595030349080492
scan4_subset_middle,scan4,subset_middle,2,skip_frame,0.007861656912912926,19.49142026901245,0.0,21.117367887033094,0.00018371408805251208,-0.03356742858886719,0.0,4.088089665792129
scan4_subset_middle,scan4,subset_middle,2,skip_global,0.007703197731946905,19.550925254821777,0.0,18.01381334897932,2.5254907086491585e-05,0.025937557220458984,0.0,0.9845351277383543
scan4_subset_middle,scan4,subset_middle,3,skip_frame,0.00781876896508038,19.503260612487793,0.0,14.771294414541208,0.00014082614021996686,-0.02172708511352539,0.0,-2.257983806699757
scan4_subset_middle,scan4,subset_middle,3,skip_global,0.007737912625695269,19.541113535563152,0.0,12.343993633411417,5.996980083485502e-05,0.016125837961833867,0.0,-4.685284587829548
scan4_subset_middle,scan4,subset_middle,4,skip_frame,0.007718928235893448,19.529534339904785,0.0,16.799120465218447,4.0985411033034325e-05,0.004546642303466797,0.0,-0.23015775602251765
scan4_subset_middle,scan4,subset_middle,4,skip_global,0.007718528310457866,19.533456802368164,0.0,12.971699544079813,4.0585485597452106e-05,0.008469104766845703,0.0,-4.0575786771611515
scan4_subset_middle,scan4,subset_middle,5,skip_frame,0.007777047576382756,19.537217775980633,0.0,22.483364988917938,9.910475152234265e-05,0.012230078379314335,0.0,5.454086767676973
scan4_subset_middle,scan4,subset_middle,5,skip_global,0.007691069428498547,19.533668835957844,0.0,9.690762894420592,1.3126603638132991e-05,0.008681138356525508,0.0,-7.338515326820373
scan4_subset_middle,scan4,subset_middle,6,skip_frame,0.007893093473588427,19.495944499969482,0.0,14.989222841363473,0.0002151506487280139,-0.029043197631835938,0.0,-2.040055379877492
scan4_subset_middle,scan4,subset_middle,6,skip_global,0.007704082643613219,19.516916910807293,0.0,13.091788979497084,2.613981875280568e-05,-0.008070786794025508,0.0,-3.937489241743881
scan4_subset_middle,scan4,subset_middle,7,skip_frame,0.007944228438039621,19.508217811584473,0.0,11.089943154153573,0.0002662856131792077,-0.016769886016845703,0.0,-5.9393350670873915
scan4_subset_middle,scan4,subset_middle,7,skip_global,0.007685782077411811,19.53129816055298,0.0,13.364845721846898,7.839252551397266e-06,0.006310462951660156,0.0,-3.664432499394067
scan4_subset_middle,scan4,subset_middle,8,skip_frame,0.008009354894359907,19.49109760920207,0.0,24.00223634530136,0.0003314120694994935,-0.03389008839925012,0.0,6.972958124060394
scan4_subset_middle,scan4,subset_middle,8,skip_global,0.007756059446061651,19.5172332127889,0.0,26.32963081107651,7.811662120123762e-05,-0.007754484812419804,0.0,9.300352589835544
scan4_subset_middle,scan4,subset_middle,9,skip_frame,0.007905589571843544,19.503645261128742,0.0,17.214029964665247,0.00022764674698313048,-0.021342436472576054,0.0,0.18475174342428247
scan4_subset_middle,scan4,subset_middle,9,skip_global,0.00784518818060557,19.50969584782918,0.0,25.335281875439616,0.00016724535574515632,-0.015291849772136601,0.0,8.306003654198651
scan4_subset_middle,scan4,subset_middle,10,skip_frame,0.007832741520057121,19.529574712117512,0.0,23.040430094982298,0.00015479869519670775,0.004587014516193477,0.0,6.011151873741333
scan4_subset_middle,scan4,subset_middle,10,skip_global,0.007850042001033822,19.49753173192342,0.0,24.249096777543656,0.00017209917617340854,-0.02745596567789832,0.0,7.219818556302691
scan4_subset_middle,scan4,subset_middle,11,skip_frame,0.007798451619843642,19.531680901845295,0.0,13.4351716885254,0.00012050879498322863,0.00669320424397668,0.0,-3.594106532715564
scan4_subset_middle,scan4,subset_middle,11,skip_global,0.007833846301461259,19.49983088175456,0.0,10.024833209698029,0.00015590347660084537,-0.025156815846759883,0.0,-7.004445011542936
scan4_subset_middle,scan4,subset_middle,12,skip_frame,0.007755225369085868,19.54064067204793,0.0,25.00170121713526,7.728254422545433e-05,0.0156529744466134,0.0,7.972422995894295
scan4_subset_middle,scan4,subset_middle,12,skip_global,0.0077467010511706276,19.508172671000164,0.0,23.037133746081924,6.875822631021399e-05,-0.016815026601154415,0.0,6.007855524840959
scan4_subset_middle,scan4,subset_middle,13,skip_frame,0.00782570157510539,19.521153926849365,0.0,17.932561854393146,0.00014775875024497596,-0.003833770751953125,0.0,0.9032836331521814
scan4_subset_middle,scan4,subset_middle,13,skip_global,0.007679487966621916,19.535671710968018,0.0,16.53645559778002,1.5451417615022084e-06,0.010684013366699219,0.0,-0.4928226234609454
scan4_subset_middle,scan4,subset_middle,14,skip_frame,0.00786435704988738,19.531510670979817,0.0,25.45247735614816,0.000186414225026966,0.006522973378498165,0.0,8.423199134907197
scan4_subset_middle,scan4,subset_middle,14,skip_global,0.00767637820293506,19.492454687754314,0.0,14.465586068479327,-1.564621925354004e-06,-0.032533009847004024,0.0,-2.5636921527616376
scan4_subset_middle,scan4,subset_middle,15,skip_frame,0.008119334777196249,19.568896770477295,0.0,16.5027485075043,0.00044139195233583537,0.04390907287597656,0.0,-0.5265297137366645
scan4_subset_middle,scan4,subset_middle,15,skip_global,0.007682563581814368,19.45547087987264,0.0,12.68192828829435,4.620756953954697e-06,-0.06951681772867957,0.0,-4.347349932946615
scan4_subset_middle,scan4,subset_middle,16,skip_frame,0.008059763815253973,19.584620475769043,0.0,21.479900987964147,0.0003818209903935594,0.05963277816772461,0.0,4.450622766723182
scan4_subset_middle,scan4,subset_middle,16,skip_global,0.007489619466165702,19.598270416259766,0.0,7.038150340910509,-0.00018832335869471174,0.07328271865844727,0.0,-9.991127880330456
scan4_subset_uniform,scan4,subset_uniform,1,skip_frame,0.0070821663830429316,15.311452229817709,0.0,5.034251278882517,4.5612376804153414e-05,-0.020226796468097774,0.0,-12.898595833736707
scan4_subset_uniform,scan4,subset_uniform,1,skip_global,0.007189073910315831,15.451613426208496,0.0,16.567774505297663,0.00015251990407705307,0.1199343999226894,0.0,-1.3650726073215615
scan4_subset_uniform,scan4,subset_uniform,2,skip_frame,0.0070887150553365546,15.369482835133871,0.0,10.07004013295413,5.216104909777641e-05,0.037803808848064335,0.0,-7.862806979665095
scan4_subset_uniform,scan4,subset_uniform,2,skip_global,0.007109801673019926,15.398054440816244,0.0,16.762840118959875,7.32476667811479e-05,0.06637541453043738,0.0,-1.1700069936593493
scan4_subset_uniform,scan4,subset_uniform,3,skip_frame,0.007352160833155115,15.51471217473348,0.0,16.196241064883434,0.000315606826916337,0.1830331484476737,0.0,-1.7366060477357905
scan4_subset_uniform,scan4,subset_uniform,3,skip_global,0.007010238710790873,15.316112359364828,0.0,14.321890307564777,-2.631529544790557e-05,-0.015566666920978633,0.0,-3.610956805054448
scan4_subset_uniform,scan4,subset_uniform,4,skip_frame,0.007200824640070398,15.421054204305014,0.0,16.228679554242525,0.00016427063383162022,0.08937517801920691,0.0,-1.7041675583766995
scan4_subset_uniform,scan4,subset_uniform,4,skip_global,0.007074887088189523,15.361755847930908,0.0,14.66646132721307,3.833308195074457e-05,0.030076821645101504,0.0,-3.266385785406154
scan4_subset_uniform,scan4,subset_uniform,5,skip_frame,0.007039242113629977,15.32936684290568,0.0,9.248569475069191,2.6881073911990544e-06,-0.002312183380126953,0.0,-8.684277637550034
scan4_subset_uniform,scan4,subset_uniform,5,skip_global,0.007088159288590153,15.365972995758057,0.0,19.48479052955506,5.1605282351374626e-05,0.03429396947224994,0.0,1.5519434169358348
scan4_subset_uniform,scan4,subset_uniform,6,skip_frame,0.006977016261468331,15.275483767191568,0.0,8.978551215298156,-5.9537744770446835e-05,-0.05619525909423828,0.0,-8.95429589732107
scan4_subset_uniform,scan4,subset_uniform,6,skip_global,0.006998480220014851,15.288265864054361,0.0,25.207072252233697,-3.8073786223927555e-05,-0.04341316223144531,0.0,7.274225139614472
scan4_subset_uniform,scan4,subset_uniform,7,skip_frame,0.0068766904684404535,15.20630439122518,0.0,8.4465688050219,-0.00015986353779832464,-0.12537463506062707,0.0,-9.486278307597324
scan4_subset_uniform,scan4,subset_uniform,7,skip_global,0.007101260358467698,15.354684034983316,0.0,25.738919161517504,6.470635222891995e-05,0.023005008697509766,0.0,7.8060720488982795
scan4_subset_uniform,scan4,subset_uniform,8,skip_frame,0.006857060749704639,15.193156083424887,0.0,17.401937753520702,-0.00017949325653413874,-0.13852294286092004,0.0,-0.5309093590985228
scan4_subset_uniform,scan4,subset_uniform,8,skip_global,0.0070613418550541,15.326661904652914,0.0,6.686160793115182,2.4787848815321922e-05,-0.005017121632892696,0.0,-11.246686319504043
scan4_subset_uniform,scan4,subset_uniform,9,skip_frame,0.006856277119368315,15.178375244140625,0.0,7.571167222467854,-0.0001802768868704634,-0.1533037821451817,0.0,-10.361679890151372
scan4_subset_uniform,scan4,subset_uniform,9,skip_global,0.007081717097510894,15.33472998936971,0.0,15.429911235646045,4.516309127211571e-05,0.003050963083904179,0.0,-2.5029358769731793
scan4_subset_uniform,scan4,subset_uniform,10,skip_frame,0.006792943303783734,15.13007116317749,0.0,24.112377983718474,-0.0002436107024550438,-0.20160786310831647,0.0,6.179530871099249
scan4_subset_uniform,scan4,subset_uniform,10,skip_global,0.007026630686596036,15.28740151723226,0.0,5.625470158922147,-9.923319642742186e-06,-0.04427750905354699,0.0,-12.307376953697077
scan4_subset_uniform,scan4,subset_uniform,11,skip_frame,0.006833784747868776,15.173283100128174,0.0,21.949079275213606,-0.00020276925837000182,-0.15839592615763287,0.0,4.016232162594381
scan4_subset_uniform,scan4,subset_uniform,11,skip_global,0.0070234842132776976,15.310307343800863,0.0,25.26989000006493,-1.306979296108058e-05,-0.021371682484943477,0.0,7.337042887445705
scan4_subset_uniform,scan4,subset_uniform,12,skip_frame,0.0068722992825011415,15.197763760884603,0.0,15.073324241274312,-0.00016425472373763662,-0.13391526540120324,0.0,-2.859522871344913
scan4_subset_uniform,scan4,subset_uniform,12,skip_global,0.0070060093421489,15.300562381744385,0.0,7.050736974381716,-3.054466408987811e-05,-0.031116644541421934,0.0,-10.882110138237508
scan4_subset_uniform,scan4,subset_uniform,13,skip_frame,0.0070167118683457375,15.293479601542154,0.0,21.710601619517025,-1.9842137893040686e-05,-0.038199424743652344,0.0,3.7777545068978
scan4_subset_uniform,scan4,subset_uniform,13,skip_global,0.0069941754918545485,15.276467005411783,0.0,14.469060295782816,-4.237851438422969e-05,-0.05521202087402344,0.0,-3.463786816836409
scan4_subset_uniform,scan4,subset_uniform,14,skip_frame,0.007071438633526365,15.322746912638346,0.0,17.190424306178627,3.488462728758711e-05,-0.008932113647460938,0.0,-0.7424228064405973
scan4_subset_uniform,scan4,subset_uniform,14,skip_global,0.00694288476370275,15.170754114786783,0.0,22.707265366739268,-9.366924253602794e-05,-0.16092491149902344,0.0,4.774418254120043
scan4_subset_uniform,scan4,subset_uniform,15,skip_frame,0.007171463764583071,15.335587660471598,0.0,13.041495397365273,0.00013490975834429264,0.003908634185791016,0.0,-4.891351715253952
scan4_subset_uniform,scan4,subset_uniform,15,skip_global,0.006954948650673032,15.197945435841879,0.0,20.18046205182867,-8.160535556574634e-05,-0.13373359044392785,0.0,2.247614939209445
scan4_subset_uniform,scan4,subset_uniform,16,skip_frame,0.007343014469370246,15.443517367045084,0.0,26.14721840744296,0.0003064604631314678,0.11183834075927734,0.0,8.214371294823735
scan4_subset_uniform,scan4,subset_uniform,16,skip_global,0.007367329749589165,15.428925355275473,0.0,28.044718383406078,0.0003307757433503866,0.0972463289896659,0.0,10.111871270786853
scan9_subset_middle,scan9,subset_middle,1,skip_frame,0.007324061278874676,9.825571378072103,0.0,8.52470565330527,-0.0004221164466192322,-0.6513358751932774,0.0,-5.968780208255778
scan9_subset_middle,scan9,subset_middle,1,skip_global,0.007779349961007635,10.627357959747314,0.0,6.161159618796524,3.317223551372716e-05,0.1504507064819336,0.0,-8.332326242764523
scan9_subset_middle,scan9,subset_middle,2,skip_frame,0.00763142070112129,10.408752282460531,0.0,2.830254977142881,-0.00011475702437261769,-0.06815497080484967,0.0,-11.663230884418168
scan9_subset_middle,scan9,subset_middle,2,skip_global,0.007712893808881442,10.513652483622232,0.0,9.847765500237816,-3.328391661246589e-05,0.03674523035685162,0.0,-4.645720361323232
scan9_subset_middle,scan9,subset_middle,3,skip_frame,0.007686631986871362,10.425474643707275,0.0,9.371009971877877,-5.9545738622546196e-05,-0.05143260955810547,0.0,-5.122475889683171
scan9_subset_middle,scan9,subset_middle,3,skip_global,0.007726952976857622,10.56242036819458,0.0,5.5365940298946485,-1.9224748636285753e-05,0.08551311492919922,0.0,-8.9568918316664
scan9_subset_middle,scan9,subset_middle,4,skip_frame,0.007501892978325486,10.15612761179606,0.0,8.966898236669977,-0.00024428474716842175,-0.32077964146932025,0.0,-5.5265876248910715
scan9_subset_middle,scan9,subset_middle,4,skip_global,0.00773470647012194,10.540175437927246,0.0,9.742152039339949,-1.147125537196824e-05,0.06326818466186523,0.0,-4.751333822221099
scan9_subset_middle,scan9,subset_middle,5,skip_frame,0.007614584096396963,10.23460833231608,0.0,9.840855376510174,-0.00013159362909694484,-0.24229892094930072,0.0,-4.652630485050874
scan9_subset_middle,scan9,subset_middle,5,skip_global,0.007722614798694849,10.563843250274658,0.0,6.601037970875157,-2.3562926799058914e-05,0.08693599700927734,0.0,-7.892447890685891
scan9_subset_middle,scan9,subset_middle,6,skip_frame,0.007650873934229215,10.329993883768717,0.0,21.0132444990484,-9.530379126469323e-05,-0.146913369496664,0.0,6.519758637487353
scan9_subset_middle,scan9,subset_middle,6,skip_global,0.007592848114048441,10.375358899434408,0.0,22.85833209349398,-0.00015332961144546697,-0.10154835383097272,0.0,8.364846231932933
scan9_subset_middle,scan9,subset_middle,7,skip_frame,0.007891849304238955,10.562111377716064,0.0,3.7796114645783967,0.00014567157874504667,0.0852041244506836,0.0,-10.713874396982652
scan9_subset_middle,scan9,subset_middle,7,skip_global,0.0076255703655381995,10.40829054514567,0.0,9.660219722525218,-0.00012060735995570847,-0.06861670811971088,0.0,-4.83326613903583
scan9_subset_middle,scan9,subset_middle,8,skip_frame,0.00789671988847355,10.597741285959879,0.0,3.6151077280138644,0.00015054216297964197,0.1208340326944981,0.0,-10.878378133547184
scan9_subset_middle,scan9,subset_middle,8,skip_global,0.007681626981745164,10.407386779785156,0.0,15.19934724345047,-6.455074374874404e-05,-0.06952047348022461,0.0,0.7058613818894219
scan9_subset_middle,scan9,subset_middle,9,skip_frame,0.007848784482727448,10.565503120422363,0.0,19.31931381119892,0.00010260675723353964,0.08859586715698242,0.0,4.825827949637873
scan9_subset_middle,scan9,subset_middle,9,skip_global,0.007580491481348872,10.273107528686523,0.0,16.345442589705772,-0.00016568624414503574,-0.20379972457885742,0.0,1.8519567281447245
scan9_subset_middle,scan9,subset_middle,10,skip_frame,0.007766558555886149,10.500306288401285,0.0,13.205241605475218,2.0380830392241478e-05,0.023399035135904356,0.0,-1.2882442560858305
scan9_subset_middle,scan9,subset_middle,10,skip_global,0.00768807817560931,10.3922069867452,0.0,9.582694467433889,-5.809954988459775e-05,-0.0847002665201817,0.0,-4.910791394127159
scan9_subset_middle,scan9,subset_middle,11,skip_frame,0.007779991952702403,10.456631501515707,0.0,11.901321940735555,3.381422720849514e-05,-0.020275751749673887,0.0,-2.5921639208254934
scan9_subset_middle,scan9,subset_middle,11,skip_global,0.007954380785425505,10.594360987345377,0.0,14.21425488611233,0.0002082030599315967,0.11745373407999615,0.0,-0.27923097544871744
scan9_subset_middle,scan9,subset_middle,12,skip_frame,0.007650231942534447,10.391475041707357,0.0,8.142179919439558,-9.594578295946121e-05,-0.0854322115580235,0.0,-6.35130594212149
scan9_subset_middle,scan9,subset_middle,12,skip_global,0.008165938934932152,10.780156135559082,0.0,18.109783874546444,0.0004197612094382439,0.30324888229370117,0.0,3.6162980129853963
scan9_subset_middle,scan9,subset_middle,13,skip_frame,0.0076161100684354706,10.385870933532715,0.0,4.221794816515556,-0.00013006765705843738,-0.09103631973266602,0.0,-10.271691045045493
scan9_subset_middle,scan9,subset_middle,13,skip_global,0.008308663498610258,10.844610532124838,0.0,15.173282565673565,0.0005624857731163502,0.367703278859457,0.0,0.6797967041125172
scan9_subset_middle,scan9,subset_middle,14,skip_frame,0.0076622616810103255,10.467294057210287,0.0,14.179797862410085,-8.391604448358247e-05,-0.009613196055093809,0.0,-0.3136879991509627
scan9_subset_middle,scan9,subset_middle,14,skip_global,0.008267788759743174,10.719218730926514,0.0,8.541949195129956,0.0005216110342492666,0.2423114776611328,0.0,-5.9515366664310925
scan9_subset_middle,scan9,subset_middle,15,skip_frame,0.007649539814641078,10.46528689066569,0.0,14.970218569262903,-9.66379108528299e-05,-0.011620362599691347,0.0,0.4767327077018546
scan9_subset_middle,scan9,subset_middle,15,skip_global,0.0081583127224197,10.708574612935385,0.0,14.597572821870166,0.0004121349969257917,0.23166735967000385,0.0,0.10408696030911813
scan9_subset_middle,scan9,subset_middle,16,skip_frame,0.007600894275431831,10.366636594136557,0.0,22.920712727005284,-0.00014528345006207654,-0.11027065912882428,0.0,8.427226865444236
scan9_subset_middle,scan9,subset_middle,16,skip_global,0.008762204631542167,11.076183160146078,0.0,12.831028881063444,0.0010160269060482587,0.5992759068806972,0.0,-1.6624569804976037
scan9_subset_uniform,scan9,subset_uniform,1,skip_frame,0.00642400390158097,8.939440727233887,0.0,18.17633400059397,-0.0002240443912645178,-0.6607333024342861,0.0,15.984573253487424
scan9_subset_uniform,scan9,subset_uniform,1,skip_global,0.006501616910099983,9.517770608266195,0.0,13.616687612043437,-0.00014643138274550438,-0.08240342140197754,0.0,11.42492686493689
scan9_subset_uniform,scan9,subset_uniform,2,skip_frame,0.006457937726130088,9.287018458048502,0.0,21.593571770895853,-0.0001901105667153997,-0.3131555716196708,0.0,19.401811023789303
scan9_subset_uniform,scan9,subset_uniform,2,skip_global,0.0065760810393840075,9.60661800702413,0.0,18.642816524235815,-7.196725346148014e-05,0.006443977355957031,0.0,16.451055777129266
scan9_subset_uniform,scan9,subset_uniform,3,skip_frame,0.006399977952241898,9.31410264968872,0.0,22.622483420297623,-0.00024807034060359,-0.2860713799794521,0.0,20.430722673191074
scan9_subset_uniform,scan9,subset_uniform,3,skip_global,0.006618396068612735,9.62731377283732,0.0,14.818563805909337,-2.965222423275283e-05,0.02713974316914758,0.0,12.626803058802789
scan9_subset_uniform,scan9,subset_uniform,4,skip_frame,0.006459052907302976,9.41962711016337,0.0,9.885562593165902,-0.00018899538554251194,-0.18054691950480262,0.0,7.693801846059355
scan9_subset_uniform,scan9,subset_uniform,4,skip_global,0.006640507684399684,9.692328294118246,0.0,12.735410821716613,-7.5406084458036135e-06,0.09215426445007324,0.0,10.543650074610065
scan9_subset_uniform,scan9,subset_uniform,5,skip_frame,0.006556890827293198,9.474117437998453,0.0,10.249743832973243,-9.115746555228999e-05,-0.1260565916697196,0.0,8.057983085866695
scan9_subset_uniform,scan9,subset_uniform,5,skip_global,0.006593848889072736,9.581414381663004,0.0,14.227464365245426,-5.419940377275178e-05,-0.018759648005168827,0.0,12.035703618138879
scan9_subset_uniform,scan9,subset_uniform,6,skip_frame,0.00664447193654875,9.513780434926352,0.0,11.943956443995498,-3.5763562967376997e-06,-0.08639359474182129,0.0,9.75219569688895
scan9_subset_uniform,scan9,subset_uniform,6,skip_global,0.006468223175033927,9.590569019317627,0.0,13.97892271039805,-0.00017982511781156063,-0.00960501035054584,0.0,11.787161963291503
scan9_subset_uniform,scan9,subset_uniform,7,skip_frame,0.006572662309433023,9.480977614720663,0.0,26.62421405964091,-7.538598341246417e-05,-0.11919641494750977,0.0,24.43245331253436
scan9_subset_uniform,scan9,subset_uniform,7,skip_global,0.0065718533005565405,9.646866401036581,0.0,9.376176511950364,-7.61949922889471e-05,0.0466923713684082,0.0,7.184415764843816
scan9_subset_uniform,scan9,subset_uniform,8,skip_frame,0.006589892863606413,9.516465504964193,0.0,25.03644786576004,-5.815542923907468e-05,-0.08370852470397949,0.0,22.84468711865349
scan9_subset_uniform,scan9,subset_uniform,8,skip_global,0.0065411484489838285,9.563100258509317,0.0,22.796165881676544,-0.00010689984386165908,-0.03707377115885535,0.0,20.604405134569994
scan9_subset_uniform,scan9,subset_uniform,9,skip_frame,0.006565571219349901,9.54155699412028,0.0,18.32041926016072,-8.247707349558642e-05,-0.05861703554789344,0.0,16.12865851305417
scan9_subset_uniform,scan9,subset_uniform,9,skip_global,0.0065214562540253,9.53543472290039,0.0,14.325630618761204,-0.00012659203882018754,-0.06473930676778217,0.0,12.133869871654657
scan9_subset_uniform,scan9,subset_uniform,10,skip_frame,0.006534650766601165,9.519227981567383,0.0,25.41582037120294,-0.00011339752624432275,-0.08094604810078998,0.0,23.22405962409639
scan9_subset_uniform,scan9,subset_uniform,10,skip_global,0.006489105522632599,9.50744859377543,0.0,5.656792659403885,-0.00015894277021288872,-0.09272543589274207,0.0,3.4650319122973365
scan9_subset_uniform,scan9,subset_uniform,11,skip_frame,0.006521018144364159,9.5399489402771,0.0,22.750828046461347,-0.000127030148481329,-0.06022508939107318,0.0,20.559067299354798
scan9_subset_uniform,scan9,subset_uniform,11,skip_global,0.0065374248661100864,9.530684232711792,0.0,7.456651915104401,-0.00011062342673540115,-0.0694897969563808,0.0,5.2648911679978525
scan9_subset_uniform,scan9,subset_uniform,12,skip_frame,0.00659212547664841,9.597187916437784,0.0,22.098624097083015,-5.592281619707772e-05,-0.002986113230388554,0.0,19.906863349976465
scan9_subset_uniform,scan9,subset_uniform,12,skip_global,0.006527019975086053,9.509071429570517,0.0,13.138234319214021,-0.00012102831775943467,-0.09110260009765625,0.0,10.946473572107474
scan9_subset_uniform,scan9,subset_uniform,13,skip_frame,0.006613248493522406,9.658393621444702,0.0,17.162448589496723,-3.479979932308197e-05,0.058219591776529356,0.0,14.970687842390175
scan9_subset_uniform,scan9,subset_uniform,13,skip_global,0.006663109020640452,9.595403750737509,0.0,8.587581795696517,1.5060727794964819e-05,-0.0047702789306640625,0.0,6.395821048589969
scan9_subset_uniform,scan9,subset_uniform,14,skip_frame,0.006668105721473694,9.681216478347778,0.0,15.660231404317807,2.0057428628206253e-05,0.08104244867960553,0.0,13.46847065721126
scan9_subset_uniform,scan9,subset_uniform,14,skip_global,0.006826542938748996,9.711849689483643,0.0,21.635697180492055,0.00017849464590350816,0.11167565981546979,0.0,19.443936433385506
scan9_subset_uniform,scan9,subset_uniform,15,skip_frame,0.006639094712833564,9.605541308720907,0.0,10.3147900367429,-8.953580011923819e-06,0.005367279052734375,0.0,8.123029289636353
scan9_subset_uniform,scan9,subset_uniform,15,skip_global,0.0069732397484282655,9.844971974690756,0.0,10.967753133188358,0.00032519145558277795,0.244797945022583,0.0,8.77599238608181
scan9_subset_uniform,scan9,subset_uniform,16,skip_frame,0.006507141282781959,9.447059949239096,0.0,12.496995064609386,-0.00014090701006352901,-0.15311408042907715,0.0,10.305234317502839
scan9_subset_uniform,scan9,subset_uniform,16,skip_global,0.00736568751744926,10.117783705393473,0.0,27.62550929766371,0.0007176392246037722,0.5176096757252999,0.0,25.433748550557162
scan24_subset_middle,scan24,subset_middle,1,skip_frame,0.005431067664176226,7.373397668202718,0.0,15.98693723709871,-2.8439487020177553e-06,-0.15060853958129883,0.0,7.649179677709654
scan24_subset_middle,scan24,subset_middle,1,skip_global,0.005398522907247146,7.512609243392944,0.0,19.488684982468538,-3.5388705631097736e-05,-0.011396964391072295,0.0,11.150927423079482
scan24_subset_middle,scan24,subset_middle,2,skip_frame,0.005531651588777701,7.455738623936971,0.0,22.735388724007652,9.773997589945793e-05,-0.0682675838470459,0.0,14.397631164618597
scan24_subset_middle,scan24,subset_middle,2,skip_global,0.0054502945858985186,7.504044612248738,0.0,10.732288764854514,1.6382973020275145e-05,-0.01996159553527832,0.0,2.3945312054654586
scan24_subset_middle,scan24,subset_middle,3,skip_frame,0.005435841778914134,7.451560894648234,0.0,20.42503184495198,1.9301660358905792e-06,-0.07244531313578229,0.0,12.087274285562925
scan24_subset_middle,scan24,subset_middle,3,skip_global,0.005499825269604723,7.519962787628174,0.0,8.677930435246486,6.591365672647953e-05,-0.004043420155842803,0.0,0.34017287585743006
scan24_subset_middle,scan24,subset_middle,4,skip_frame,0.005404105254759391,7.464377244313558,0.0,5.741625494312245,-2.9806358118852558e-05,-0.059628963470458984,0.0,-2.5961320650768105
scan24_subset_middle,scan24,subset_middle,4,skip_global,0.005513270773614447,7.586933612823486,0.0,20.544079552012168,7.93591607362032e-05,0.0629274050394697,0.0,12.206321992623112
scan24_subset_middle,scan24,subset_middle,5,skip_frame,0.005451620013142626,7.4379063447316485,0.0,17.30147551590717,1.7708400264382362e-05,-0.08609986305236816,0.0,8.963717956518115
scan24_subset_middle,scan24,subset_middle,5,skip_global,0.005555244783560435,7.553861697514852,0.0,13.69404484047912,0.00012133317068219185,0.02985548973083496,0.0,5.356287281090065
scan24_subset_middle,scan24,subset_middle,6,skip_frame,0.00545014029679199,7.505685806274414,0.0,6.861501567506342,1.622868391374689e-05,-0.01832040150960257,0.0,-1.4762559918827138
scan24_subset_middle,scan24,subset_middle,6,skip_global,0.0055167890774707,7.5158266226450605,0.0,23.50813398629248,8.287746459245682e-05,-0.008179585138956114,0.0,15.170376426903426
scan24_subset_middle,scan24,subset_middle,7,skip_frame,0.005448627518489957,7.4845631917317705,0.0,17.438423681358508,1.4715905611713438e-05,-0.039443016052246094,0.0,9.100666121969452
scan24_subset_middle,scan24,subset_middle,7,skip_global,0.005540154253443082,7.571141322453816,0.0,16.964825461303256,0.00010624264056483847,0.047135114669799805,0.0,8.6270679019142
scan24_subset_middle,scan24,subset_middle,8,skip_frame,0.005419866492350896,7.500415563583374,0.0,12.0053780228978,-1.4045120527347507e-05,-0.023590644200642608,0.0,3.6676204635087437
scan24_subset_middle,scan24,subset_middle,8,skip_global,0.0055420424323529005,7.543845971425374,0.0,18.939171433157465,0.00010813081947465709,0.019839763641357422,0.0,10.60141387376841
scan24_subset_middle,scan24,subset_middle,9,skip_frame,0.005453133722767234,7.550556898117065,0.0,13.378656800128965,1.922210988899043e-05,0.0265506903330488,0.0,5.040899240739909
scan24_subset_middle,scan24,subset_middle,9,skip_global,0.005532892343277733,7.527937491734822,0.0,22.623126667592263,9.89807303994894e-05,0.003931283950805664,0.0,14.285369108203207
scan24_subset_middle,scan24,subset_middle,10,skip_frame,0.005446566501632333,7.509667158126831,0.0,19.652619981276008,1.2654888754089384e-05,-0.014339049657185576,0.0,11.314862421886952
scan24_subset_middle,scan24,subset_middle,10,skip_global,0.005587657292683919,7.559438864390056,0.0,22.922942445817228,0.00015374567980567556,0.035432656606039004,0.0,14.585184886428172
scan24_subset_middle,scan24,subset_middle,11,skip_frame,0.005482579969490568,7.525170008341472,0.0,13.227935158009899,4.8668356612324715e-05,0.0011638005574550192,0.0,4.890177598620843
scan24_subset_middle,scan24,subset_middle,11,skip_global,0.005605927125240366,7.584258794784546,0.0,16.408220610382028,0.00017201551236212254,0.06025258700052927,0.0,8.070463050992972
scan24_subset_middle,scan24,subset_middle,12,skip_frame,0.005544999226306875,7.587692340215047,0.0,14.706426560528863,0.00011108761342863184,0.06368613243103027,0.0,6.368669001139807
scan24_subset_middle,scan24,subset_middle,12,skip_global,0.005483035386229555,7.524155696233113,0.0,8.618738486221373,4.9123773351311684e-05,0.0001494884490966797,0.0,0.2809809268323171
scan24_subset_middle,scan24,subset_middle,13,skip_frame,0.00543130988565584,7.543228467305501,0.0,20.879795142466783,-2.6017272224034688e-06,0.019222259521484375,0.0,12.542037583077727
scan24_subset_middle,scan24,subset_middle,13,skip_global,0.005493463637928168,7.555495421091716,0.0,6.637626215925013,5.955202504992485e-05,0.03148921330769916,0.0,-1.7001313434640428
scan24_subset_middle,scan24,subset_middle,14,skip_frame,0.005473583082978924,7.529025236765544,0.0,10.445151027241762,3.967147010068041e-05,0.005019028981527285,0.0,2.107393467852706
scan24_subset_middle,scan24,subset_middle,14,skip_global,0.005299141746945679,7.536908149719238,0.0,12.693448505120534,-0.00013476986593256423,0.01290194193522165,0.0,4.355690945731478
scan24_subset_middle,scan24,subset_middle,15,skip_frame,0.005827107932418585,7.648178736368815,0.0,6.698442753903335,0.0003931963195403414,0.12417252858479877,0.0,-1.6393148054857205
scan24_subset_middle,scan24,subset_middle,15,skip_global,0.005179756321012974,7.529427766799927,0.0,22.38401106511242,-0.00025415529186526963,0.005421559015910127,0.0,14.046253505723366
scan24_subset_middle,scan24,subset_middle,16,skip_frame,0.005965423847859104,7.682688077290853,0.0,25.10884790653607,0.0005315122349808608,0.15868186950683594,0.0,16.771090347147016
scan24_subset_middle,scan24,subset_middle,16,skip_global,0.005166816214720408,7.57944393157959,0.0,13.835387369994242,-0.000267095398157835,0.05543772379557321,0.0,5.497629810605186
scan24_subset_uniform,scan24,subset_uniform,1,skip_frame,0.005875149896989266,6.890881458918254,0.0,10.320555605749938,-0.0002352138205120955,-0.18033671379089355,0.0,-0.22787334233636436
scan24_subset_uniform,scan24,subset_uniform,1,skip_global,0.006006646202877164,7.055795510609944,0.0,8.691205263637423,-0.00010371751462419799,-0.015422662099203066,0.0,-1.8572236844488792
scan24_subset_uniform,scan24,subset_uniform,2,skip_frame,0.005876344706242283,6.858514308929443,0.0,13.900890253729884,-0.00023401901125907898,-0.21270386377970407,0.0,3.3524613056435815
scan24_subset_uniform,scan24,subset_uniform,2,skip_global,0.006025002648433049,7.088657061258952,0.0,14.948708258067171,-8.536106906831264e-05,0.017438888549804688,0.0,4.400279309980869
scan24_subset_uniform,scan24,subset_uniform,3,skip_frame,0.0058757146665205555,6.885651111602783,0.0,23.49705808750137,-0.00023464905098080635,-0.18556706110636423,0.0,12.948629139415067
scan24_subset_uniform,scan24,subset_uniform,3,skip_global,0.0060191872374465065,7.043015956878662,0.0,8.136781768808467,-9.117648005485535e-05,-0.028202215830485322,0.0,-2.4116471792778356
scan24_subset_uniform,scan24,subset_uniform,4,skip_frame,0.0058167316019535065,6.8630281289418535,1.1944405724589888,6.089143340381001,-0.0002936321155478554,-0.2081900437672939,1.1944405724589888,-4.459285607705302
scan24_subset_uniform,scan24,subset_uniform,4,skip_global,0.00614498167609175,7.140877326329549,0.0,11.486696890208565,3.46179585903883e-05,0.06965915362040143,0.0,0.9382679421222626
scan24_subset_uniform,scan24,subset_uniform,5,skip_frame,0.005836898771425088,6.868526220321655,0.0,15.543164523264728,-0.0002734649460762739,-0.20269195238749216,0.0,4.994735575178426
scan24_subset_uniform,scan24,subset_uniform,5,skip_global,0.006147559344147642,7.134951273600261,0.0,27.49380606827123,3.719562664628029e-05,0.06373310089111328,0.0,16.94537712018493
scan24_subset_uniform,scan24,subset_uniform,6,skip_frame,0.005816294656445582,6.856096665064494,1.1944405724589888,14.546191656621682,-0.00029406906105577946,-0.21512150764465332,1.1944405724589888,3.9977627085353795
scan24_subset_uniform,scan24,subset_uniform,6,skip_global,0.006197463255375624,7.160330295562744,0.0,13.603644725493062,8.709953787426183e-05,0.08911212285359671,0.0,3.05521577740676
scan24_subset_uniform,scan24,subset_uniform,7,skip_frame,0.005810863804072142,6.825674454371135,0.0,6.268656533261818,-0.00029949991342922023,-0.2455437183380127,0.0,-4.2797724148244844
scan24_subset_uniform,scan24,subset_uniform,7,skip_global,0.0062615827191621065,7.243905782699585,0.0,15.64652410400114,0.00015121900166074464,0.17268760999043753,0.0,5.098095155914837
scan24_subset_uniform,scan24,subset_uniform,8,skip_frame,0.005816356977447867,6.874169747034709,0.0,6.738192373799546,-0.0002940067400534945,-0.19704842567443848,0.0,-3.8102365742867566
scan24_subset_uniform,scan24,subset_uniform,8,skip_global,0.006317587026084463,7.265341520309448,0.0,13.86876374749069,0.00020722330858310122,0.1941233476003008,0.0,3.320334799404387
scan24_subset_uniform,scan24,subset_uniform,9,skip_frame,0.005889160015309851,6.929134209950765,0.0,7.216256666011387,-0.0002212037021915112,-0.14208396275838275,0.0,-3.3321722820749153
scan24_subset_uniform,scan24,subset_uniform,9,skip_global,0.006325959072758754,7.268267393112183,0.0,12.696883432155863,0.00021559535525739193,0.19704922040303519,0.0,2.1484544840695605
scan24_subset_uniform,scan24,subset_uniform,10,skip_frame,0.005844415398314595,6.912035306294759,0.0,17.787103628974993,-0.00026594831918676665,-0.1591828664143886,0.0,7.238674680888691
scan24_subset_uniform,scan24,subset_uniform,10,skip_global,0.006325619683290522,7.269105831782023,0.0,24.893353570592325,0.00021525596578915972,0.19788765907287598,0.0,14.344924622506023
scan24_subset_uniform,scan24,subset_uniform,11,skip_frame,0.005825019053493937,6.896511077880859,0.0,8.166879388699048,-0.0002853446640074253,-0.17470709482828806,0.0,-2.3815495593872544
scan24_subset_uniform,scan24,subset_uniform,11,skip_global,0.006505411894371112,7.37289293607076,0.0,14.692658064207405,0.00039504817686975,0.30167476336161236,0.0,4.144229116121103
scan24_subset_uniform,scan24,subset_uniform,12,skip_frame,0.005743322195485234,6.842811266581218,0.0,26.46103015041177,-0.0003670415220161276,-0.2284069061279297,0.0,15.912601202325467
scan24_subset_uniform,scan24,subset_uniform,12,skip_global,0.006570292093480627,7.3853529294331866,0.0,26.536881588939732,0.00045992837597926516,0.3141347567240391,0.0,15.98845264085343
scan24_subset_uniform,scan24,subset_uniform,13,skip_frame,0.005779266046981017,6.860779523849487,0.0,19.648194107628598,-0.0003310976705203448,-0.21043864885966013,0.0,9.099765159542295
scan24_subset_uniform,scan24,subset_uniform,13,skip_global,0.006312817335128784,7.228719313939412,0.0,15.601280237247892,0.0002024536176274223,0.1575011412302647,0.0,5.052851289161589
scan24_subset_uniform,scan24,subset_uniform,14,skip_frame,0.0058819955835739774,6.898942232131958,0.0,16.951870824710088,-0.00022836813392738443,-0.17227594057718942,0.0,6.403441876623786
scan24_subset_uniform,scan24,subset_uniform,14,skip_global,0.006080920342355967,7.077567497889201,0.0,15.678083482202334,-2.9443375145395308e-05,0.006349325180053711,0.0,5.129654534116032
scan24_subset_uniform,scan24,subset_uniform,15,skip_frame,0.006406585685908794,7.195302565892537,1.1944405724589888,15.594859450328203,0.00029622196840743253,0.12408439318338971,1.1944405724589888,5.0464305022419005
scan24_subset_uniform,scan24,subset_uniform,15,skip_global,0.005783229212587078,6.894992272059123,0.0,21.467775979231295,-0.00032713450491428375,-0.17622590065002441,0.0,10.919347031144992
scan24_subset_uniform,scan24,subset_uniform,16,skip_frame,0.00665580101000766,7.3949276606241865,0.0,26.20233175525127,0.000545437292506298,0.32370948791503906,0.0,15.653902807164966
scan24_subset_uniform,scan24,subset_uniform,16,skip_global,0.005576098648210366,6.796626965204875,0.0,16.147232714467396,-0.0005342650692909956,-0.27459120750427246,0.0,5.598803766381094
scan62_subset_middle,scan62,subset_middle,1,skip_frame,0.004932467670490344,8.370625336964926,0.0,22.02346601169057,1.4744078119595556e-05,-0.08055122693379602,0.0,-3.1563317832964373
scan62_subset_middle,scan62,subset_middle,1,skip_global,0.005028816405683756,8.559136788050333,0.0,4.426202919449683,0.00011109281331300735,0.10796022415161133,0.0,-20.753594875537324
scan62_subset_middle,scan62,subset_middle,2,skip_frame,0.004986470798030496,8.452143033345541,0.0,19.998440569803396,6.874720565974712e-05,0.0009664694468192181,0.0,-5.181357225183611
scan62_subset_middle,scan62,subset_middle,2,skip_global,0.005017472586284081,8.512569348017374,0.0,12.738580100639304,9.974899391333291e-05,0.061392784118652344,0.0,-12.441217694347703
scan62_subset_middle,scan62,subset_middle,3,skip_frame,0.004963597981259227,8.470191637674967,0.0,6.712591917655839,4.587438888847828e-05,0.019015073776245117,0.0,-18.467205877331168
scan62_subset_middle,scan62,subset_middle,3,skip_global,0.005076108345141013,8.558125575383505,0.0,12.783783964539838,0.00015838475277026465,0.10694901148478309,0.0,-12.396013830447169
scan62_subset_middle,scan62,subset_middle,4,skip_frame,0.004943648197998603,8.439262787501017,0.0,18.978583012050617,2.5924605627854376e-05,-0.011913776397705078,0.0,-6.20121478293639
scan62_subset_middle,scan62,subset_middle,4,skip_global,0.005043675812582175,8.535947720209757,0.0,12.026122605854548,0.0001259522202114267,0.08477115631103516,0.0,-13.153675189132459
scan62_subset_middle,scan62,subset_middle,5,skip_frame,0.004916641783590118,8.432761351267496,0.0,19.432074764908407,-1.0818087806301405e-06,-0.018415212631225586,0.0,-5.7477230300786
scan62_subset_middle,scan62,subset_middle,5,skip_global,0.005018087336793542,8.496700127919516,0.0,22.2987949214108,0.00010036374442279339,0.04552356402079383,0.0,-2.8810028735762074
scan62_subset_middle,scan62,subset_middle,6,skip_frame,0.004942147682110469,8.446284929911295,0.0,16.411918953267655,2.4424089739720316e-05,-0.004891633987426758,0.0,-8.767878841719352
scan62_subset_middle,scan62,subset_middle,6,skip_global,0.0049965902386854095,8.492345492045084,0.0,11.416740776494924,7.8866646314661e-05,0.041168928146362305,0.0,-13.763057018492082
scan62_subset_middle,scan62,subset_middle,7,skip_frame,0.00498061782370011,8.484531879425049,0.0,14.267500799725928,6.289423132936189e-05,0.03335531552632709,0.0,-10.912296995261078
scan62_subset_middle,scan62,subset_middle,7,skip_global,0.005013524399449428,8.51084009806315,0.0,9.5797578062559,9.580080707867911e-05,0.05966353416442871,0.0,-15.600039988731107
scan62_subset_middle,scan62,subset_middle,8,skip_frame,0.004987161451329787,8.483858029047648,0.0,22.01165608100709,6.943785895903876e-05,0.03268146514892578,0.0,-3.1681417139799173
scan62_subset_middle,scan62,subset_middle,8,skip_global,0.005015872651711106,8.508130232493082,0.0,20.01011597777674,9.814905934035778e-05,0.05695366859436035,0.0,-5.169681817210268
scan62_subset_middle,scan62,subset_middle,9,skip_frame,0.00501957256346941,8.50693130493164,0.0,8.086909861923148,0.00010184897109866142,0.055754741032918886,0.0,-17.092887933063857
scan62_subset_middle,scan62,subset_middle,9,skip_global,0.0049757868982851505,8.495581229527792,0.0,10.719686532227312,5.806330591440201e-05,0.044404665629070195,0.0,-14.460111262759694
scan62_subset_middle,scan62,subset_middle,10,skip_frame,0.004981760090837876,8.48863951365153,0.0,10.633465745961361,6.403649846712777e-05,0.03746294975280762,0.0,-14.546332049025645
scan62_subset_middle,scan62,subset_middle,10,skip_global,0.005000146726767222,8.498120864232382,0.0,9.475630451781145,8.242313439647386e-05,0.04694430033366004,0.0,-15.704167343205862
scan62_subset_middle,scan62,subset_middle,11,skip_frame,0.004957326377431552,8.474194367726644,0.0,21.02334076372825,3.9602785060803385e-05,0.023017803827922734,0.0,-4.156457031258757
scan62_subset_middle,scan62,subset_middle,11,skip_global,0.004969082850341995,8.479823271433512,0.0,7.160583669577957,5.135925797124675e-05,0.02864670753479004,0.0,-18.01921412540905
scan62_subset_middle,scan62,subset_middle,12,skip_frame,0.0049355383186290664,8.45357616742452,0.0,19.475355690433748,1.781472625831792e-05,0.0023996035257987103,0.0,-5.704442104553259
scan62_subset_middle,scan62,subset_middle,12,skip_global,0.004995247116312385,8.48023541768392,0.0,17.41090194991952,7.752352394163609e-05,0.029058853785198124,0.0,-7.768895845067487
scan62_subset_middle,scan62,subset_middle,13,skip_frame,0.0049327167216688395,8.447362979253134,0.0,20.94181020077493,1.4993129298090935e-05,-0.0038135846455880085,0.0,-4.2379875942120755
scan62_subset_middle,scan62,subset_middle,13,skip_global,0.0049679844329754514,8.471756299336752,0.0,23.997617750040252,5.026084060470292e-05,0.020579735438030156,0.0,-1.1821800449467545
scan62_subset_middle,scan62,subset_middle,14,skip_frame,0.004977412289008498,8.454330762227377,0.0,7.869604156254119,5.968869663774967e-05,0.0031541983286551556,0.0,-17.310193638732887
scan62_subset_middle,scan62,subset_middle,14,skip_global,0.004961065948009491,8.484435399373373,0.0,10.589039171817936,4.334235563874245e-05,0.03325883547465125,0.0,-14.590758623169071
scan62_subset_middle,scan62,subset_middle,15,skip_frame,0.005033635223905246,8.460473457972208,0.0,10.683937855719995,0.00011591163153449723,0.009296894073486328,0.0,-14.495859939267012
scan62_subset_middle,scan62,subset_middle,15,skip_global,0.005034566934530933,8.519069989522299,0.0,8.091540801328222,0.00011684334216018489,0.06789342562357703,0.0,-17.088256993658785
scan62_subset_middle,scan62,subset_middle,16,skip_frame,0.005012125475332141,8.421229203542074,0.0,14.923501018048418,9.44018829613924e-05,-0.02994736035664758,0.0,-10.256296776938589
scan62_subset_middle,scan62,subset_middle,16,skip_global,0.004937308530012767,8.50541607538859,0.0,8.950220355459834,1.958493764201829e-05,0.054239511489868164,0.0,-16.229577439527173
scan62_subset_uniform,scan62,subset_uniform,1,skip_frame,0.0042000071456034975,5.692040999730428,0.0,18.477334603196518,7.841716675708633e-05,0.0568695068359375,0.0,-10.272882646251396
scan62_subset_uniform,scan62,subset_uniform,1,skip_global,0.004199314435633521,5.652854839960734,0.0,1.9454542005172506,7.772445678710938e-05,0.01768334706624408,0.0,-26.804763048930663
scan62_subset_uniform,scan62,subset_uniform,2,skip_frame,0.004203117995833357,5.715338786443074,0.0,28.83724469172701,8.152801698694569e-05,0.08016729354858398,0.0,0.08702744227909776
scan62_subset_uniform,scan62,subset_uniform,2,skip_global,0.004148442763835192,5.642129421234131,0.0,10.15039400016645,2.6852784988780527e-05,0.0069579283396405955,0.0,-18.599823249281464
scan62_subset_uniform,scan62,subset_uniform,3,skip_frame,0.004153226929095884,5.714723984400432,0.0,6.048518415734397,3.1636950249472676e-05,0.07955249150594135,0.0,-22.701698833713518
scan62_subset_uniform,scan62,subset_uniform,3,skip_global,0.004155537928454578,5.625821034113566,0.0,27.9758840215419,3.3947949608166723e-05,-0.009350458780923887,0.0,-0.7743332279060127
scan62_subset_uniform,scan62,subset_uniform,4,skip_frame,0.004177436504202585,5.654320398966472,0.0,25.879547349294977,5.5846525356173515e-05,0.019148906071981386,0.0,-2.8706699001529365
scan62_subset_uniform,scan62,subset_uniform,4,skip_global,0.0041336170785749955,5.618948618570964,0.0,3.9937091513455396,1.202709972858429e-05,-0.016222874323526426,0.0,-24.756508098102373
scan62_subset_uniform,scan62,subset_uniform,5,skip_frame,0.004138719135274489,5.604109446207683,0.0,29.08079283796087,1.7129156428078232e-05,-0.031062046686807676,0.0,0.3305755885129571
scan62_subset_uniform,scan62,subset_uniform,5,skip_global,0.004142135459308823,5.6471162637074785,0.0,10.698787647470951,2.054548046241146e-05,0.011944770812988281,0.0,-18.051429601976963
scan62_subset_uniform,scan62,subset_uniform,6,skip_frame,0.004118128369251887,5.600353320439656,0.0,26.677474096093572,-3.4616095945239067e-06,-0.034818172454833984,0.0,-2.0727431533543417
scan62_subset_uniform,scan62,subset_uniform,6,skip_global,0.004161456987882654,5.659048398335774,0.0,28.41939383534717,3.986700903624296e-05,0.02387690544128418,0.0,-0.33082341410074534
scan62_subset_uniform,scan62,subset_uniform,7,skip_frame,0.004117027002697189,5.623752673467,0.0,3.5053161901525627,-4.56297614922184e-06,-0.011418819427490234,0.0,-25.24490105929535
scan62_subset_uniform,scan62,subset_uniform,7,skip_global,0.004186001606285572,5.676396290461223,0.0,2.4615970463692256,6.441162743916085e-05,0.04122479756673236,0.0,-26.28862020307869
scan62_subset_uniform,scan62,subset_uniform,8,skip_frame,0.004131357534788549,5.644157250722249,0.0,8.520938039139116,9.767555942137747e-06,0.008985757827758789,0.0,-20.229279210308796
scan62_subset_uniform,scan62,subset_uniform,8,skip_global,0.004126594324285786,5.658194382985433,0.0,26.473823610548788,5.004345439374447e-06,0.023022890090942383,0.0,-2.276393638899126
scan62_subset_uniform,scan62,subset_uniform,9,skip_frame,0.0041421571125586825,5.65454379717509,0.0,6.740947981603676,2.056713371227127e-05,0.01937230428059955,0.0,-22.00926926784424
scan62_subset_uniform,scan62,subset_uniform,9,skip_global,0.0041195670297990246,5.649624188741048,0.0,21.21028675878425,-2.0229490473866463e-06,0.014452695846557617,0.0,-7.539930490663664
scan62_subset_uniform,scan62,subset_uniform,10,skip_frame,0.004147249429176251,5.652269124984741,0.0,19.816512540418483,2.5659450329840183e-05,0.017097632090250947,0.0,-8.933704709029431
scan62_subset_uniform,scan62,subset_uniform,10,skip_global,0.004109324033682545,5.646210829416911,0.0,24.485717760150862,-1.2265945163866462e-05,0.01103933652242084,0.0,-4.264499489297052
scan62_subset_uniform,scan62,subset_uniform,11,skip_frame,0.004156877985224128,5.657646735509236,0.0,10.229163886034613,3.528800637771657e-05,0.022475242614746094,0.0,-18.5210533634133
scan62_subset_uniform,scan62,subset_uniform,11,skip_global,0.004102866281755269,5.649044116338094,0.0,22.419851433351955,-1.8723697091142626e-05,0.013872623443603516,0.0,-6.330365816095959
scan62_subset_uniform,scan62,subset_uniform,12,skip_frame,0.004167560293960075,5.661773920059204,0.0,20.780186562884328,4.5970315113663673e-05,0.026602427164713838,0.0,-7.970030686563586
scan62_subset_uniform,scan62,subset_uniform,12,skip_global,0.004088316927663982,5.653641859690349,0.0,23.099743351012986,-3.3273051182429285e-05,0.01847036679585834,0.0,-5.650473898434928
scan62_subset_uniform,scan62,subset_uniform,13,skip_frame,0.004176079411990941,5.652401129404704,0.0,26.5586113377495,5.448943314452937e-05,0.017229636510213808,0.0,-2.1916059116984137
scan62_subset_uniform,scan62,subset_uniform,13,skip_global,0.004124695590386788,5.666124979654948,0.0,3.793133069127005,3.10561154037714e-06,0.03095348676045795,0.0,-24.95708418032091
scan62_subset_uniform,scan62,subset_uniform,14,skip_frame,0.004228427540510893,5.67379101117452,0.0,26.10399743283584,0.00010683756166448167,0.0386195182800293,0.0,-2.6462198166120743
scan62_subset_uniform,scan62,subset_uniform,14,skip_global,0.004141127263816695,5.691359917322795,0.0,3.15445125790581,1.9537284970283508e-05,0.05618842442830463,0.0,-25.595765991542105
scan62_subset_uniform,scan62,subset_uniform,15,skip_frame,0.004292295081540942,5.690177361170451,0.0,25.752124727521394,0.000170705102694531,0.05500586827596088,0.0,-2.9980925219265195
scan62_subset_uniform,scan62,subset_uniform,15,skip_global,0.004113098916908105,5.647141218185425,0.0,21.62451741924752,-8.491061938306274e-06,0.01196972529093454,0.0,-7.125699830200393
scan62_subset_uniform,scan62,subset_uniform,16,skip_frame,0.004288273281417787,5.676263093948364,0.0,28.098006060780538,0.00016668330257137588,0.041091601053873994,0.0,-0.6522111886673763
scan62_subset_uniform,scan62,subset_uniform,16,skip_global,0.004305374963829915,5.728414217631022,1.1944405724589888,5.5652934175699835,0.00018378498498350382,0.09324272473653217,1.1944405724589888,-23.18492383187793
