scan_name,phase,frame_update_mag_mean,frame_update_mag_std,global_update_mag_mean,global_update_mag_std,total_update_mag_mean,marginal_gain_absrel_mean,marginal_gain_absrel_sum,frame_skip_delta_absrel_mean,frame_skip_delta_absrel_std,global_skip_delta_absrel_mean,global_skip_delta_absrel_std
scan1,Early (1-5),0.33884559720754626,0.20328488320106022,0.2854738563299179,0.03877670735162693,0.3304757311940193,0.00214904830014954,0.0214904830014954,-0.00013008143287152065,0.00019707155603923668,0.00022143860114738333,0.00016827385862155968
scan1,Middle (6-11),0.15142817422747612,0.0198983544482761,0.16926355163256326,0.024033771798201486,0.07437423585603635,0.0014416977355722336,0.017300372826866802,-3.2402562080986124e-05,6.277244613051057e-05,0.00023630364254737882,0.00015867121806233676
scan1,Late (12-16),0.11260416507720947,0.005725411845760263,0.12351123988628387,0.006683951921798539,0.06610104218125343,-7.583172215769691e-05,-0.0007583172215769691,0.000396576104685664,0.0005316615229149007,-1.366753519202288e-05,0.0003727300271559996
scan24,Early (1-5),0.3319772183895111,0.20367254035924165,0.2783266857266426,0.033634978668243,0.3257177025079727,0.004129015685369572,0.04129015685369571,-0.00011862507089972496,0.0001476487425423116,3.915877702335459e-06,7.864869096820535e-05
scan24,Middle (6-11),0.15619797756274542,0.021329577937374597,0.17532752826809883,0.02567109675320318,0.08062806601325671,0.0009942090028845186,0.011930508034614224,-0.00013021896463922332,0.00015485759755723183,0.0001661195161028041,8.738574075344107e-05
scan24,Late (12-16),0.11443306282162666,0.006345070991791677,0.12700387686491013,0.006978155594940463,0.06825585141777993,-0.00014096824840332064,-0.0014096824840332065,9.880178452779847e-05,0.0003391424108087548,-7.758057132984196e-05,0.00028784921948289335
scan4,Early (1-5),0.34859036207199096,0.20245655262223716,0.29903372675180434,0.04643852911183551,0.3399748712778091,6.017244110504763e-05,0.0006017244110504763,0.00011768745413670966,9.151868390101525e-05,5.3900053414206085e-05,5.022462933798282e-05
scan4,Middle (6-11),0.1537077414492766,0.018852628034561697,0.17362187057733536,0.023418511243243036,0.0769277246048053,0.0037814122948071197,0.04537694753768544,2.4187598480946896e-05,0.00021417910573271086,5.6744507876121506e-05,7.302718618114636e-05
scan4,Late (12-16),0.11478296965360642,0.006265127582278581,0.12513091564178466,0.007654796699400513,0.066872289031744,0.0005160685861483217,0.005160685861483216,0.00015268264493594613,0.00018581910173920185,-3.238588881989031e-06,0.00013649971585832942
scan62,Early (1-5),0.34761289358139036,0.20511043644484872,0.29374236762523653,0.03646834444939815,0.3427164822816849,-0.00011149570345878602,-0.00111495703458786,4.187662852928017e-05,2.86627315328757e-05,7.666402962058774e-05,5.0576353591072625e-05
scan62,Middle (6-11),0.1591376947859923,0.02054667649469218,0.18049073964357376,0.026535265130111212,0.08598613242308299,0.004174333880655467,0.0500920065678656,3.712516627274446e-05,3.209592745595885e-05,4.507771680235025e-05,4.233853812609425e-05
scan62,Late (12-16),0.1162586510181427,0.006556401517241859,0.12657000496983528,0.007768684943017344,0.06814361214637757,0.00034426305986319977,0.0034426305986319976,8.474957818786297e-05,5.582452559989966e-05,4.7221876836071355e-05,6.454882185480839e-05
scan9,Early (1-5),0.33583115935325625,0.20494172449058748,0.2801410511136055,0.0335117373095965,0.33580766916275023,0.001518718525767326,0.01518718525767326,-0.00019146757355580722,0.00010392118692407051,-3.641614845643444e-05,4.77241794992173e-05
scan9,Middle (6-11),0.15742371107141176,0.021632820264993777,0.17768009876211485,0.02493559819728486,0.08883470855653286,0.002362397745148176,0.028348772941778108,-8.525895989603587e-06,9.957026588452819e-05,-9.276238658155005e-05,0.00010279582589275294
scan9,Late (12-16),0.11509478539228439,0.006755470723908963,0.12567678838968277,0.008515534841845602,0.06955728605389595,0.0014318786561489105,0.014318786561489105,-7.723766223837937e-05,5.6401667750335804e-05,0.00040473776559034997,0.0003326990109232592
OVERALL_ALL_SCENES,Early (1-5),0.340571446120739,0.19550759098874895,0.28734353750944136,0.03734640197842142,0.33493849128484726,0.0015490918497865396,0.07745459248932698,-5.6121998932212597e-05,0.0001690787035296064,6.390048268561563e-05,0.00012488081052251156
OVERALL_ALL_SCENES,Middle (6-11),0.15557905981938044,0.01996066315603787,0.1752767577767372,0.024384935949955507,0.08135017349074285,0.002550810131813503,0.15304860790881017,-2.1966931591224338e-05,0.0001392281289571794,8.229659934942094e-05,0.0001493884505355606
OVERALL_ALL_SCENES,Late (12-16),0.11463472679257393,0.006191798348682936,0.12557856515049934,0.007338014810508253,0.06778601616621018,0.00041508206631988285,0.020754103315994143,0.00013111449001977846,0.00032331084499390866,7.14945894045135e-05,0.0003085337936382581
