seq_id,scan_name,subset_name,iteration,abs_rel,rmse,rot_err_deg,trans_err_deg,marginal_absrel_gain
scan1_subset_middle,scan1,subset_middle,0,0.025437508709728718,23.60848331451416,37.25464926489709,55.404243430629485,0.0
scan1_subset_middle,scan1,subset_middle,1,0.029421794538696606,26.50521945953369,15.067114994562436,17.87495951628217,-0.003984285828967888
scan1_subset_middle,scan1,subset_middle,2,0.025893068872392178,24.367413361867268,6.472765228450375,28.993669257211824,0.003528725666304428
scan1_subset_middle,scan1,subset_middle,3,0.01974366062010328,19.716107845306396,2.3888811449179777,28.82563703424989,0.006149408252288897
scan1_subset_middle,scan1,subset_middle,4,0.014805633885165056,14.717934767405191,0.0,22.848078912332735,0.004938026734938225
scan1_subset_middle,scan1,subset_middle,5,0.013558757724240422,13.573296229044596,0.0,13.21556959855222,0.001246876160924634
scan1_subset_middle,scan1,subset_middle,6,0.012327385523046056,12.621837457021078,0.0,10.918530094274189,0.0012313722011943664
scan1_subset_middle,scan1,subset_middle,7,0.009459928997481862,10.792706886927286,0.0,11.812479233388919,0.0028674565255641937
scan1_subset_middle,scan1,subset_middle,8,0.0070116585508609814,9.294280211130777,0.0,22.547851170536504,0.0024482704466208807
scan1_subset_middle,scan1,subset_middle,9,0.0051468931293735904,8.180482149124146,0.0,20.12522992276182,0.001864765421487391
scan1_subset_middle,scan1,subset_middle,10,0.0038135617505759,7.405899206797282,0.0,13.886660728532929,0.0013333313787976904
scan1_subset_middle,scan1,subset_middle,11,0.003425298685518404,7.1022787888844805,0.0,10.034907267369597,0.0003882630650574961
scan1_subset_middle,scan1,subset_middle,12,0.003449651955937346,7.038559675216675,0.0,17.470795514118866,-2.4353270418941975e-05
scan1_subset_middle,scan1,subset_middle,13,0.0036197270189101496,7.055906534194946,0.0,11.813970740375018,-0.00017007506297280362
scan1_subset_middle,scan1,subset_middle,14,0.003879268614885708,7.153646032015483,0.0,6.549217172229818,-0.00025954159597555825
scan1_subset_middle,scan1,subset_middle,15,0.004116255945215623,7.249020059903462,0.0,15.189537348681137,-0.00023698733032991503
scan1_subset_middle,scan1,subset_middle,16,0.0042797305310765905,7.344129999478658,0.0,14.145897116705752,-0.00016347458586096764
scan1_subset_uniform,scan1,subset_uniform,0,0.02009092705945174,18.73786465326945,60.77994652050456,93.00285305357438,0.0
scan1_subset_uniform,scan1,subset_uniform,1,0.01893404747049014,19.84923775990804,45.75545304472788,56.62918976235587,0.0011568795889616013
scan1_subset_uniform,scan1,subset_uniform,2,0.015894453041255474,17.384456952412922,16.27876536700013,25.885756133546124,0.003039594429234665
scan1_subset_uniform,scan1,subset_uniform,3,0.014135557692497969,14.443143844604492,5.769479005747557,18.34948562820834,0.0017588953487575054
scan1_subset_uniform,scan1,subset_uniform,4,0.01181665544087688,12.2858194510142,4.079180075332768,24.424812007273243,0.002318902251621088
scan1_subset_uniform,scan1,subset_uniform,5,0.010479195043444633,10.944604555765787,1.1944405724589888,18.431153221831877,0.0013374603974322472
scan1_subset_uniform,scan1,subset_uniform,6,0.008681592919553319,9.553099950154623,1.1944405724589888,7.9385247136826615,0.0017976021238913144
scan1_subset_uniform,scan1,subset_uniform,7,0.006922749957690637,8.29935908317566,0.0,6.6214595138986105,0.0017588429618626824
scan1_subset_uniform,scan1,subset_uniform,8,0.00552757903157423,7.378942251205444,0.0,4.994405360433789,0.001395170926116407
scan1_subset_uniform,scan1,subset_uniform,9,0.00452518086725225,6.707458575566609,0.0,9.09499925275331,0.0010023981643219795
scan1_subset_uniform,scan1,subset_uniform,10,0.003769837087020278,6.24303952852885,0.0,17.8731695798328,0.0007553437802319722
scan1_subset_uniform,scan1,subset_uniform,11,0.003312281255299846,5.99566109975179,0.0,7.368079729494968,0.0004575558317204318
scan1_subset_uniform,scan1,subset_uniform,12,0.0031067096861079335,5.8902997970581055,0.0,23.222286282872272,0.00020557156919191267
scan1_subset_uniform,scan1,subset_uniform,13,0.0030406059619660177,5.849149664243062,0.0,23.84427252376059,6.610372414191578e-05
scan1_subset_uniform,scan1,subset_uniform,14,0.003103006553525726,5.861553072929382,0.0,22.649973064077074,-6.240059155970812e-05
scan1_subset_uniform,scan1,subset_uniform,15,0.0031709329147512713,5.895592888196309,0.0,14.20183488079775,-6.79263612255454e-05
scan1_subset_uniform,scan1,subset_uniform,16,0.003216166631318629,5.940981189409892,0.0,17.491902817473143,-4.5233716567357526e-05
scan4_subset_middle,scan4,subset_middle,0,0.03213307944436868,31.514808654785156,36.115961392198805,37.69039171287303,0.0
scan4_subset_middle,scan4,subset_middle,1,0.040067690735061966,43.34039465586344,20.436740639032283,36.478210862409796,-0.007934611290693283
scan4_subset_middle,scan4,subset_middle,2,0.04295805282890797,44.19917297363281,6.468061220250745,23.586784326063224,-0.002890362093846001
scan4_subset_middle,scan4,subset_middle,3,0.04365182543794314,43.69531758626302,0.0,9.795461370103837,-0.0006937726090351717
scan4_subset_middle,scan4,subset_middle,4,0.039675699546933174,40.698777516682945,0.0,4.787866131756911,0.003976125891009964
scan4_subset_middle,scan4,subset_middle,5,0.03484599695851406,37.228766759236656,0.0,19.565971481093715,0.004829702588419117
scan4_subset_middle,scan4,subset_middle,6,0.030820603171984356,34.30276902516683,0.0,14.714398262850864,0.004025393786529701
scan4_subset_middle,scan4,subset_middle,7,0.02644973962257306,30.841175079345703,0.0,11.19896666925922,0.004370863549411297
scan4_subset_middle,scan4,subset_middle,8,0.021850990131497383,27.461717287699383,0.0,12.273279173043443,0.004598749491075676
scan4_subset_middle,scan4,subset_middle,9,0.01715237119545539,24.398671468098957,0.0,24.88581000018001,0.004698618936041992
scan4_subset_middle,scan4,subset_middle,10,0.012922994326800108,22.098281383514404,0.0,23.910538103060073,0.004229376868655283
scan4_subset_middle,scan4,subset_middle,11,0.009917667523647348,20.767329216003418,0.0,9.544899615661624,0.0030053268031527604
scan4_subset_middle,scan4,subset_middle,12,0.008232038856173554,20.097405592600506,0.0,21.30645231826869,0.001685628667473793
scan4_subset_middle,scan4,subset_middle,13,0.007636503471682469,19.770814577738445,0.0,21.690673688839865,0.0005955353844910851
scan4_subset_middle,scan4,subset_middle,14,0.0076101866240302725,19.60650571187337,0.0,6.196536156715781,2.6316847652196884e-05
scan4_subset_middle,scan4,subset_middle,15,0.0076617040516187744,19.538897196451824,0.0,13.788872483299032,-5.151742758850199e-05
scan4_subset_middle,scan4,subset_middle,16,0.007677942824860414,19.52498769760132,0.0,17.029278221240965,-1.6238773241639137e-05
scan4_subset_uniform,scan4,subset_uniform,0,0.03372077519694964,31.508543014526367,58.471385981200605,67.84668406679069,0.0
scan4_subset_uniform,scan4,subset_uniform,1,0.03845164862771829,44.28729693094889,47.69756610880222,52.99558803429068,-0.004730873430768653
scan4_subset_uniform,scan4,subset_uniform,2,0.03839181549847126,43.030577977498375,11.82927733660062,18.7169087532722,5.9833129247031935e-05
scan4_subset_uniform,scan4,subset_uniform,3,0.035505526388684906,38.67532221476237,1.69029893041479,9.014319884338354,0.002886289109786354
scan4_subset_uniform,scan4,subset_uniform,4,0.034415675327181816,37.116448084513344,1.69029893041479,9.850009928858205,0.0010898510615030901
scan4_subset_uniform,scan4,subset_uniform,5,0.030406133271753788,33.8440310160319,2.3888811449179777,15.618117240521352,0.004009542055428028
scan4_subset_uniform,scan4,subset_uniform,6,0.025806688393155735,29.699313799540203,1.1944405724589888,28.81402414740918,0.004599444878598053
scan4_subset_uniform,scan4,subset_uniform,7,0.0215218144779404,26.00205643971761,1.1944405724589888,25.01172041095657,0.004284873915215336
scan4_subset_uniform,scan4,subset_uniform,8,0.017961064043144386,23.0726261138916,0.0,10.621543793060711,0.003560750434796013
scan4_subset_uniform,scan4,subset_uniform,9,0.014775144557158152,20.569068749745686,0.0,5.944910066701808,0.0031859194859862345
scan4_subset_uniform,scan4,subset_uniform,10,0.012032071283708015,18.480476538340252,0.0,6.595900305694189,0.002743073273450136
scan4_subset_uniform,scan4,subset_uniform,11,0.00995751516893506,17.038941701253254,0.0,4.173861829580875,0.002074556114772955
scan4_subset_uniform,scan4,subset_uniform,12,0.008557970557982722,16.17926851908366,0.0,23.410470178567532,0.0013995446109523382
scan4_subset_uniform,scan4,subset_uniform,13,0.007718502931917707,15.697071075439453,0.0,7.5249462473503685,0.0008394676260650149
scan4_subset_uniform,scan4,subset_uniform,14,0.0072813040266434354,15.461987336476644,0.0,8.400102103176854,0.00043719890527427197
scan4_subset_uniform,scan4,subset_uniform,15,0.007080392834420006,15.341914653778076,0.0,25.242769497772304,0.00020091119222342968
scan4_subset_uniform,scan4,subset_uniform,16,0.007036554006238778,15.331679026285807,0.0,17.932847112619225,4.3838828181227626e-05
scan9_subset_middle,scan9,subset_middle,0,0.041753099920849,34.222947120666504,39.4807214672992,65.76980169429066,0.0
scan9_subset_middle,scan9,subset_middle,1,0.03421177280445894,29.017929712931316,28.510905901572716,29.901814908942516,0.007541327116390065
scan9_subset_middle,scan9,subset_middle,2,0.03072417713701725,27.834621747334797,17.505066637503116,28.50989916014818,0.0034875956674416883
scan9_subset_middle,scan9,subset_middle,3,0.02929073479026556,26.794815063476562,5.7694790057475585,17.88210638432714,0.00143344234675169
scan9_subset_middle,scan9,subset_middle,4,0.03227723746870955,28.559187253316242,1.1944405724589888,17.03637927010025,-0.0029865026784439905
scan9_subset_middle,scan9,subset_middle,5,0.03238633864869674,28.72245693206787,0.0,18.37961293452008,-0.00010910117998719215
scan9_subset_middle,scan9,subset_middle,6,0.0312308631837368,28.80291239420573,0.0,14.197285903662717,0.0011554754649599416
scan9_subset_middle,scan9,subset_middle,7,0.030644203536212444,29.60424264272054,0.0,23.222885863202304,0.0005866596475243568
scan9_subset_middle,scan9,subset_middle,8,0.02931181186189254,29.04900328318278,0.0,11.647474527350495,0.0013323916743199042
scan9_subset_middle,scan9,subset_middle,9,0.026296300813555717,26.368361790974934,0.0,24.82835124723069,0.0030155110483368226
scan9_subset_middle,scan9,subset_middle,10,0.021701790392398834,22.02706750233968,0.0,14.739480923065072,0.004594510421156883
scan9_subset_middle,scan9,subset_middle,11,0.01707731404652198,17.861084938049316,0.0,11.832832307768006,0.004624476345876854
scan9_subset_middle,scan9,subset_middle,12,0.013303191245843967,14.686878045399984,0.0,11.24851140296851,0.003774122800678013
scan9_subset_middle,scan9,subset_middle,13,0.010695728939026594,12.656262397766113,0.0,8.10157009813769,0.0026074623068173732
scan9_subset_middle,scan9,subset_middle,14,0.009072461786369482,11.438968181610107,0.0,7.42540504473816,0.001623267152657112
scan9_subset_middle,scan9,subset_middle,15,0.008198555326089263,10.807962417602539,0.0,19.764860906793654,0.0008739064602802191
scan9_subset_middle,scan9,subset_middle,16,0.007746177725493908,10.47690725326538,0.0,14.493485861561048,0.00045237760059535503
scan9_subset_uniform,scan9,subset_uniform,0,0.030495870858430862,27.905249913533527,61.176852228268594,130.16711557927255,0.0
scan9_subset_uniform,scan9,subset_uniform,1,0.02193921199068427,19.84716288248698,56.622367257148674,99.50076718084438,0.008556658867746592
scan9_subset_uniform,scan9,subset_uniform,2,0.016882300997773807,17.069297154744465,36.750855934673034,45.81681247602351,0.0050569109929104634
scan9_subset_uniform,scan9,subset_uniform,3,0.017622964456677437,18.010568459828693,14.999514904799526,26.78436171855361,-0.0007406634589036294
scan9_subset_uniform,scan9,subset_uniform,4,0.022223886102437973,21.040475209554035,4.079180075332768,25.94726931524589,-0.004600921645760536
scan9_subset_uniform,scan9,subset_uniform,5,0.024675446872909863,22.646223704020183,5.769479005747557,21.048686048273435,-0.0024515607704718896
scan9_subset_uniform,scan9,subset_uniform,6,0.024639053115000326,22.56124432881673,3.5833217173769665,28.262441762257637,3.639375790953636e-05
scan9_subset_uniform,scan9,subset_uniform,7,0.023625376479079325,21.53266127904256,1.1944405724589888,26.587497381688248,0.0010136766359210014
scan9_subset_uniform,scan9,subset_uniform,8,0.021671163694312174,19.971822102864582,2.3888811449179777,20.432321720082697,0.001954212784767151
scan9_subset_uniform,scan9,subset_uniform,9,0.018395754508674145,17.668948968251545,0.0,6.794550310140682,0.003275409185638029
scan9_subset_uniform,scan9,subset_uniform,10,0.01485001870120565,15.200599829355875,0.0,6.718263091314115,0.0035457358074684944
scan9_subset_uniform,scan9,subset_uniform,11,0.011635698533306519,12.956393241882324,0.0,14.68259732896211,0.0032143201678991318
scan9_subset_uniform,scan9,subset_uniform,12,0.009370264519626895,11.391987959543863,0.0,26.899520130916102,0.0022654340136796236
scan9_subset_uniform,scan9,subset_uniform,13,0.007987244054675102,10.543656826019287,0.0,28.331793333081922,0.0013830204649517928
scan9_subset_uniform,scan9,subset_uniform,14,0.007193548139184713,10.019866466522217,0.0,8.132584083954965,0.0007936959154903889
scan9_subset_uniform,scan9,subset_uniform,15,0.006806477593878905,9.747047106424967,0.0,12.254344412347237,0.0003870705453058081
scan9_subset_uniform,scan9,subset_uniform,16,0.006648048292845488,9.600174029668173,0.0,2.191760747106548,0.00015842930103341767
scan24_subset_middle,scan24,subset_middle,0,0.033821105336149536,29.14598560333252,39.111752371605384,36.603843512160104,0.0
scan24_subset_middle,scan24,subset_middle,1,0.0422253388290604,35.833024978637695,23.976331785657027,18.07934993898704,-0.008404233492910862
scan24_subset_middle,scan24,subset_middle,2,0.028334940628459055,23.789964993794758,11.002430572786942,15.18609489776555,0.013890398200601343
scan24_subset_middle,scan24,subset_middle,3,0.01883854080612461,16.615761915842693,4.782466298035586,28.854802013153645,0.009496399822334446
scan24_subset_middle,scan24,subset_middle,4,0.016483325511217117,14.67162291208903,2.8847395028737792,6.067326551126693,0.0023552152949074916
scan24_subset_middle,scan24,subset_middle,5,0.01261584646999836,11.807644526163736,0.0,8.772756619536418,0.0038674790412187576
scan24_subset_middle,scan24,subset_middle,6,0.010689925091962019,10.47515312830607,0.0,7.118432900236416,0.0019259213780363407
scan24_subset_middle,scan24,subset_middle,7,0.008921954780817032,9.387877861658732,0.0,8.193687489878428,0.0017679703111449872
scan24_subset_middle,scan24,subset_middle,8,0.007383403368294239,8.523010492324829,0.0,12.52340954056394,0.0015385514125227928
scan24_subset_middle,scan24,subset_middle,9,0.006348276588444908,7.994935592015584,0.0,20.79848503098371,0.0010351267798493309
scan24_subset_middle,scan24,subset_middle,10,0.005654500021288793,7.705993731816609,0.0,21.869499887420144,0.0006937765671561156
scan24_subset_middle,scan24,subset_middle,11,0.005293022996435563,7.5963694254557295,0.0,22.827041360506666,0.0003614770248532295
scan24_subset_middle,scan24,subset_middle,12,0.0051217194413766265,7.547609806060791,0.0,9.468919915430265,0.00017130355505893657
scan24_subset_middle,scan24,subset_middle,13,0.005051361940180262,7.521928548812866,0.0,24.007207371208853,7.035750119636485e-05
scan24_subset_middle,scan24,subset_middle,14,0.005104947175520162,7.498070240020752,0.0,7.460005662495533,-5.3585235339900436e-05
scan24_subset_middle,scan24,subset_middle,15,0.00525393383577466,7.506938775380452,0.0,16.941343093067246,-0.00014898666025449803
scan24_subset_middle,scan24,subset_middle,16,0.005433911612878243,7.524006207784017,0.0,8.337757559389056,-0.0001799777771035833
scan24_subset_uniform,scan24,subset_uniform,0,0.0295341523985068,26.003844261169434,60.69697295558043,120.57141582690264,0.0
scan24_subset_uniform,scan24,subset_uniform,1,0.02479046272734801,21.811849276224773,32.8079654540387,37.39326823869372,0.004743689671158791
scan24_subset_uniform,scan24,subset_uniform,2,0.02132528740912676,18.55893325805664,11.33771132565135,25.57853379779213,0.0034651753182212523
scan24_subset_uniform,scan24,subset_uniform,3,0.015217106323689222,13.604858557383219,8.704885705658137,18.643972791663632,0.006108181085437536
scan24_subset_uniform,scan24,subset_uniform,4,0.011641953606158495,11.139876206715902,6.468061220250745,19.074988464142702,0.0035751527175307274
scan24_subset_uniform,scan24,subset_uniform,5,0.009449254410962263,9.311913251876831,4.777762289835955,19.42203263481382,0.002192699195196232
scan24_subset_uniform,scan24,subset_uniform,6,0.008034994670500359,8.199835459391275,2.3888811449179777,25.51545440391222,0.0014142597404619046
scan24_subset_uniform,scan24,subset_uniform,7,0.007324770636235674,7.7417411009470625,0.0,5.691483617085203,0.0007102240342646846
scan24_subset_uniform,scan24,subset_uniform,8,0.00653479613053302,7.364198128382365,0.0,11.523329827196086,0.0007899745057026539
scan24_subset_uniform,scan24,subset_uniform,9,0.00584340700879693,7.0251890818278,0.0,9.779193478113404,0.0006913891217360897
scan24_subset_uniform,scan24,subset_uniform,10,0.00521309037382404,6.679048617680867,0.0,24.106340238787794,0.0006303166349728899
scan24_subset_uniform,scan24,subset_uniform,11,0.004841569849910836,6.483812093734741,0.0,8.06766491458909,0.00037152052391320467
scan24_subset_uniform,scan24,subset_uniform,12,0.004811883011522393,6.463683366775513,0.0,19.636190352540464,2.9686838388442993e-05
scan24_subset_uniform,scan24,subset_uniform,13,0.005039917033476134,6.5650599002838135,0.0,16.87366246399037,-0.00022803402195374113
scan24_subset_uniform,scan24,subset_uniform,14,0.0054652919837584095,6.731561104456584,0.0,19.16223217795857,-0.0004253749502822757
scan24_subset_uniform,scan24,subset_uniform,15,0.005839243686447541,6.9097215334574384,0.0,16.91165562247893,-0.0003739517026891317
scan24_subset_uniform,scan24,subset_uniform,16,0.006110363717501362,7.071218172709147,0.0,10.548428948086302,-0.00027112003105382067
scan62_subset_middle,scan62,subset_middle,0,0.030848940834403038,28.536322275797527,35.669234007898986,40.007743417116835,0.0
scan62_subset_middle,scan62,subset_middle,1,0.02848426966617505,26.18185806274414,22.817964003525816,25.4633450764652,0.0023646711682279893
scan62_subset_middle,scan62,subset_middle,2,0.027363022478918236,24.255685488382976,7.138299288063242,17.625925838797237,0.001121247187256813
scan62_subset_middle,scan62,subset_middle,3,0.035090893817444645,28.989012400309246,1.1944405724589888,17.482387705842125,-0.007727871338526409
scan62_subset_middle,scan62,subset_middle,4,0.035222058494885765,28.944492022196453,0.0,24.85007204920412,-0.00013116467744112015
scan62_subset_middle,scan62,subset_middle,5,0.03184722363948822,26.540724754333496,0.0,19.34708299914645,0.0033748348553975446
scan62_subset_middle,scan62,subset_middle,6,0.02581229309240977,21.71334759394328,0.0,17.030007183852305,0.006034930547078449
scan62_subset_middle,scan62,subset_middle,7,0.020299940835684538,17.562194506327312,0.0,11.99825863569207,0.005512352256725233
scan62_subset_middle,scan62,subset_middle,8,0.016184071854998667,14.541008313496908,0.0,9.385386274994184,0.004115868980685871
scan62_subset_middle,scan62,subset_middle,9,0.012226679129526019,11.879421790440878,0.0,19.708350927595678,0.003957392725472648
scan62_subset_middle,scan62,subset_middle,10,0.00863761679890255,9.899962822596232,0.0,17.822646074679366,0.0035890623306234683
scan62_subset_middle,scan62,subset_middle,11,0.006486773025244474,8.952245871225992,0.0,15.04763348078056,0.0021508437736580763
scan62_subset_middle,scan62,subset_middle,12,0.005558511164660255,8.611597379048666,0.0,11.38571791498912,0.000928261860584219
scan62_subset_middle,scan62,subset_middle,13,0.0051549743705739575,8.491256713867188,0.0,23.73288054273201,0.00040353679408629793
scan62_subset_middle,scan62,subset_middle,14,0.004969201361139615,8.456283728281656,0.0,20.50187449689629,0.00018577300943434238
scan62_subset_middle,scan62,subset_middle,15,0.004913696475947897,8.446942965189615,0.0,11.813970384635999,5.550488519171816e-05
scan62_subset_middle,scan62,subset_middle,16,0.0049177235923707485,8.451176563898722,0.0,25.179797794987007,-4.027116422851591e-06
scan62_subset_uniform,scan62,subset_uniform,0,0.03061005286872387,30.34638214111328,63.8389059352676,94.2569600241885,0.0
scan62_subset_uniform,scan62,subset_uniform,1,0.03547147506227096,32.68961397806803,46.97355766134002,69.89938073943969,-0.004861422193547092
scan62_subset_uniform,scan62,subset_uniform,2,0.029380638773242634,26.860088030497234,17.413698058610994,24.32345110619597,0.006090836289028328
scan62_subset_uniform,scan62,subset_uniform,3,0.03163287198791901,28.295385996500652,6.265337363703359,23.170784184144186,-0.0022522332146763767
scan62_subset_uniform,scan62,subset_uniform,4,0.034049056780834995,29.826122919718426,4.777762289835955,18.441482975817028,-0.0024161847929159846
scan62_subset_uniform,scan62,subset_uniform,5,0.030726727098226547,26.52946949005127,1.1944405724589888,5.01947187009652,0.003322329682608448
scan62_subset_uniform,scan62,subset_uniform,6,0.02641857819010814,22.750595410664875,1.1944405724589888,5.257647948039516,0.004308148908118408
scan62_subset_uniform,scan62,subset_uniform,7,0.02035131569330891,17.595945994059246,0.0,6.864770595650036,0.006067262496799231
scan62_subset_uniform,scan62,subset_uniform,8,0.014717742800712585,12.871152400970459,1.1944405724589888,21.518727909779127,0.005633572892596323
scan62_subset_uniform,scan62,subset_uniform,9,0.01069628338639935,9.72594928741455,0.0,24.632015333998037,0.004021459414313236
scan62_subset_uniform,scan62,subset_uniform,10,0.0077992350949595375,7.6787788073221845,0.0,3.1600577582103813,0.0028970482914398117
scan62_subset_uniform,scan62,subset_uniform,11,0.005995171144604683,6.572741985321045,0.0,8.351029114981017,0.0018040639503548546
scan62_subset_uniform,scan62,subset_uniform,12,0.004944806064789494,6.013767162958781,0.0,21.750870493872714,0.0010503650798151893
scan62_subset_uniform,scan62,subset_uniform,13,0.004416467699532707,5.759002049763997,0.0,25.785368859037433,0.0005283383652567863
scan62_subset_uniform,scan62,subset_uniform,14,0.004177031883349021,5.646110852559407,0.0,8.257966898192045,0.00023943581618368626
scan62_subset_uniform,scan62,subset_uniform,15,0.004115399400082727,5.631220102310181,0.0,5.716163776386054,6.1632483266294e-05
scan62_subset_uniform,scan62,subset_uniform,16,0.004121589978846411,5.63517149289449,0.0,28.750217249447914,-6.190578763684215e-06
