scan_name,intervention,recovery_horizon_R,phase,num_measurements,delta_absrel_mean,delta_absrel_std,delta_rmse_mean,recovery_fraction_mean
scan1,skip_frame,0,Early (1-5),10,-0.0014569010507936282,0.0018562231714202313,-1.050010093053182,0.0
scan1,skip_frame,0,Middle (6-11),12,-0.00045131427274706465,0.001203566430921145,-0.3008644150363075,0.0
scan1,skip_frame,0,Late (12-16),10,0.0008617383815969031,0.00020242219151296253,0.2758574128150942,0.0
scan1,skip_frame,1,Early (1-5),10,0.0005174119879181184,0.00146729155432184,0.35759426752726264,0.06591439430617743
scan1,skip_frame,1,Middle (6-11),12,0.0006647722847345802,0.0003943204042176069,0.37420304947429245,-9.716030036026812
scan1,skip_frame,1,Late (12-16),8,0.0006997710249076286,0.00020138535688338325,0.23357433080673218,0.14172075784828564
scan1,skip_frame,2,Early (1-5),10,0.00018103644251823433,0.0008508655769594685,0.1658620754877731,0.29168293225288255
scan1,skip_frame,2,Middle (6-11),12,0.00041111439673437015,0.00031660942106144914,0.2715804212623176,-8.248721555661897
scan1,skip_frame,2,Late (12-16),6,9.956429453773612e-05,7.135461031329936e-05,0.02877933449215364,0.8688779547222514
scan1,skip_frame,4,Early (1-5),10,-0.0008037486230023205,0.001543956037602194,-0.5565869013468423,0.2857181298124974
scan1,skip_frame,4,Middle (6-11),12,5.6585115897986684e-05,0.00010040939961160393,0.05336155162917248,-0.7713934798836303
scan1,skip_frame,4,Late (12-16),2,-9.733977882812428e-05,7.976291080686389e-06,-0.029092530409494888,0.8306788846320347
scan1,skip_global,0,Early (1-5),10,0.00771460241327683,0.0032086609683215895,5.767935458819073,0.0
scan1,skip_global,0,Middle (6-11),12,0.0025124404960984574,0.0013147626836563606,1.6120256417327459,0.0
scan1,skip_global,0,Late (12-16),10,-0.00014690511549512544,0.000450105990756783,0.03380240996678685,0.0
scan1,skip_global,1,Early (1-5),10,0.001933112049785753,0.0016849683572077712,1.1820398092269904,0.7798040213325286
scan1,skip_global,1,Middle (6-11),12,-4.215189902525817e-05,0.00010656411617955005,-0.0953256024254691,0.957886821702646
scan1,skip_global,1,Late (12-16),8,-0.0001222007849719376,0.00013728553008441846,-0.04475557804107655,-0.048974695965711454
scan1,skip_global,2,Early (1-5),10,0.0011707113046819963,0.001516337051379032,1.0535777091979988,0.8672530022892895
scan1,skip_global,2,Middle (6-11),12,0.00011198934710895019,0.0002220528993933899,0.0737986597749923,0.9410034332603697
scan1,skip_global,2,Late (12-16),6,-9.355115859458843e-06,7.941693214971968e-05,-0.011471178796556162,0.8231102201648903
scan1,skip_global,4,Early (1-5),10,0.0003600551552760103,0.00047427567227239256,0.3219473361968997,0.9409228599219921
scan1,skip_global,4,Middle (6-11),12,0.0001511843357649114,0.0001345238405912387,0.01692212290234041,0.8995302743003752
scan1,skip_global,4,Late (12-16),2,0.00033566633161778237,0.00012613923398092529,0.059183716773986816,0.5916886763615394
scan24,skip_frame,0,Early (1-5),10,-0.00045888535678386707,0.004961596110900071,-0.41038216749827117,0.0
scan24,skip_frame,0,Middle (6-11),12,-6.13835129317725e-05,0.0003576807590962386,-0.12008466985490585,0.0
scan24,skip_frame,0,Late (12-16),10,0.00041356229533751814,0.00010127414338901467,0.11577741305033351,0.0
scan24,skip_frame,1,Early (1-5),10,0.001104273988554875,0.0020177336915208014,0.8123847961425781,0.35137855649389504
scan24,skip_frame,1,Middle (6-11),12,9.371994787620164e-05,0.000234585242548047,-0.021115826235877266,-0.5722494078455657
scan24,skip_frame,1,Late (12-16),8,0.00021910237167806668,0.00014353999026278975,0.05061013499895728,0.4063675315087915
scan24,skip_frame,2,Early (1-5),10,0.0015484319844593605,0.0012148448004606891,1.0374047756195073,0.26277136915081506
scan24,skip_frame,2,Middle (6-11),12,0.0001815792703483666,0.00025917718549240407,-0.01354829470316569,-0.44027091342194563
scan24,skip_frame,2,Late (12-16),6,-0.00013359376720877163,0.0002000712478472077,-0.09971249103546143,0.48795998897132736
scan24,skip_frame,4,Early (1-5),10,0.0003549334127455952,0.0007648498664259032,0.19336448510487916,0.7926102357074
scan24,skip_frame,4,Middle (6-11),12,-6.956044752668186e-05,0.00015004041065152683,-0.07869150903489852,0.01986385352704341
scan24,skip_frame,4,Late (12-16),2,-0.0001279769542937479,0.0003380883539558507,-0.08236038684844971,0.17808805809113099
scan24,skip_global,0,Early (1-5),10,0.007601505797356367,0.006322920507870431,6.346567829449972,0.0
scan24,skip_global,0,Middle (6-11),12,0.0014312900635155123,0.0007411864263435915,1.0068171752823725,0.0
scan24,skip_global,0,Late (12-16),10,-0.00015481629719336833,0.0003401715882445639,0.015677547454833983,0.0
scan24,skip_global,1,Early (1-5),10,0.004513260256499051,0.003334608704408231,3.645147569974263,0.1699573051002751
scan24,skip_global,1,Middle (6-11),12,0.0006012331674961994,0.0003806931406043023,0.33663544389936667,0.5797349106564785
scan24,skip_global,1,Late (12-16),8,-0.00014114904236824555,0.00016134675162433093,-0.019340336322784424,0.07978107499119438
scan24,skip_global,2,Early (1-5),10,0.002646121980311969,0.0019111874097123298,1.9820386807123829,0.5203933738091888
scan24,skip_global,2,Middle (6-11),12,0.0003551842140344281,0.0003202828640714739,0.23738563060760506,0.7549957255973387
scan24,skip_global,2,Late (12-16),6,-9.669456630945206e-05,6.353013732725574e-05,0.005236387252807617,0.10245237061070127
scan24,skip_global,4,Early (1-5),10,0.0008446339673052232,0.0006217742485532313,0.5703014771143596,0.8619354085246165
scan24,skip_global,4,Middle (6-11),12,0.0002107394846259718,0.00013358852672809305,0.12766921520233168,0.796606048456408
scan24,skip_global,4,Late (12-16),2,0.0002545260746652884,0.0002904827202608709,0.1571421225865679,-0.7106125861222871
scan4,skip_frame,0,Early (1-5),10,-0.000985805907597144,0.0034995930603018105,-0.6362888336181634,0.0
scan4,skip_frame,0,Middle (6-11),12,0.002440983080305159,0.000542225866947204,1.6999730931388009,0.0
scan4,skip_frame,0,Late (12-16),10,0.0006569728643322987,0.00040977918831089854,0.3261913140614823,0.0
scan4,skip_frame,1,Early (1-5),10,7.213642820715835e-05,0.00297242489498866,-0.015867741902669864,-3.8105226603515425
scan4,skip_frame,1,Middle (6-11),12,0.0014974102959968156,0.0005587426181617127,1.1508290900124438,0.38733714515851436
scan4,skip_frame,1,Late (12-16),8,0.00029871086007915437,0.00010100437210130152,0.11276187499364188,0.45275274509536134
scan4,skip_frame,2,Early (1-5),10,0.0008811616028348609,0.00353516605214873,0.7939945220947262,-2.830621341641532
scan4,skip_frame,2,Middle (6-11),12,0.0009188673058007328,0.0005487138086814554,0.6243083212110733,0.6340260796079126
scan4,skip_frame,2,Late (12-16),6,0.00010974310700678173,5.998628335219075e-05,0.0330237282647022,0.8075768466438702
scan4,skip_frame,4,Early (1-5),10,0.0014217090016851817,0.0011898569794325515,0.9559621016184483,-1.1710600955603618
scan4,skip_frame,4,Middle (6-11),12,0.0001074241849386858,0.00023322806897224963,0.026484953032599307,0.9028545310562094
scan4,skip_frame,4,Late (12-16),2,-4.348608975609115e-05,0.00017079264008597385,-0.05913114547729492,0.9110171731776355
scan4,skip_global,0,Early (1-5),10,0.003101057621339957,0.0020973204049060112,1.9598843892415367,0.0
scan4,skip_global,0,Middle (6-11),12,0.0040302113435852025,0.0008675465623221206,2.901102834277683,0.0
scan4,skip_global,0,Late (12-16),10,0.0006790019882222016,0.0007136945533579462,0.34390595753987585,0.0
scan4,skip_global,1,Early (1-5),10,-0.0016598685334126156,0.003441606500436695,-1.47421973546346,-5.862556092557607
scan4,skip_global,1,Middle (6-11),12,0.00048486843136035743,0.00047531521998887014,0.2643213669459028,0.8880456736922494
scan4,skip_global,1,Late (12-16),8,-8.04525043349712e-05,6.598064443280074e-05,-0.11594867706298806,0.8610100140208745
scan4,skip_global,2,Early (1-5),10,0.0005530881695449345,0.0021618399633472037,0.410259914398193,-2.569211041634479
scan4,skip_global,2,Middle (6-11),12,0.0008402018251621894,0.0007115410817617707,0.4297586944368151,0.8102414101295327
scan4,skip_global,2,Late (12-16),6,-4.177362037201723e-05,3.795165072671472e-05,-0.07597642474704269,0.951828646241165
scan4,skip_global,4,Early (1-5),10,0.002051113328586021,0.0005594244947632934,1.5411982377370197,-2.182384247398667
scan4,skip_global,4,Middle (6-11),12,0.0004858715757210222,0.0005163094173344549,0.2887615892622201,0.8930115185813423
scan4,skip_global,4,Late (12-16),2,1.9106781110167937e-05,7.021774719332964e-05,-0.023965835571288174,0.9719195458059067
scan62,skip_frame,0,Early (1-5),10,-0.0027655001419285945,0.0038370151347313815,-0.8987322489420574,0.0
scan62,skip_frame,0,Middle (6-11),12,0.0030264485394582152,0.0008968150882064038,2.1251893970701423,0.0
scan62,skip_frame,0,Late (12-16),10,0.0004754431196488441,0.00034901127679390543,0.14209202925364178,0.0
scan62,skip_frame,1,Early (1-5),10,-1.760479062795639e-06,0.00498659577343392,0.497657092412312,-3.4744355630584693
scan62,skip_frame,1,Middle (6-11),12,0.002849348044643799,0.001676557217091811,1.9978054828113982,0.07852468439353537
scan62,skip_frame,1,Late (12-16),8,0.00030802492013511573,0.00016924258178240448,0.10386113325754842,0.43056276686543016
scan62,skip_frame,2,Early (1-5),10,-0.0005047944995264213,0.0061770761370477005,-0.16762545903523857,-8.895378518152347
scan62,skip_frame,2,Middle (6-11),12,0.0013620551326312131,0.0010466256031157414,0.9099592765172321,0.5717059872207607
scan62,skip_frame,2,Late (12-16),6,0.00011873101660360907,4.901260456854838e-05,0.03526706165737611,0.8140587725049153
scan62,skip_frame,4,Early (1-5),10,0.0007544978288933641,0.0022066104157486667,0.6143507877985632,-2.5356181602691006
scan62,skip_frame,4,Middle (6-11),12,0.00013197989513476704,0.00021611132109177877,0.05461613999472729,0.9520834786510712
scan62,skip_frame,4,Late (12-16),2,3.1892520685990796e-05,1.9909007807915368e-05,0.014501015345256274,0.9696974510635581
scan62,skip_global,0,Early (1-5),10,0.005288051099826892,0.0034494376845422537,4.159146404266357,0.0
scan62,skip_global,0,Middle (6-11),12,0.004547587097881154,0.0017783885672874584,3.4643272492620674,0.0
scan62,skip_global,0,Late (12-16),10,0.0004315720327819388,0.00040481633987327856,0.22012152671813984,0.0
scan62,skip_global,1,Early (1-5),10,0.0018813574686646455,0.0017801482916569127,1.4624521096547436,0.027647756283898796
scan62,skip_global,1,Middle (6-11),12,0.001120014116168022,0.0009833055563913922,0.9074847499529518,0.7896096319164867
scan62,skip_global,1,Late (12-16),8,4.808568822530445e-06,7.543040324093327e-05,0.02730047702789351,0.6567835325687194
scan62,skip_global,2,Early (1-5),10,0.0007277356926351779,0.0033195915566812534,0.7053837299346913,0.16049198886266008
scan62,skip_global,2,Middle (6-11),12,0.0010981202164354424,0.0007862424405434109,0.8003398842281765,0.7826930172867471
scan62,skip_global,2,Late (12-16),6,3.430312628754321e-05,2.899393720453348e-05,0.04604501194424134,0.911288518133516
scan62,skip_global,4,Early (1-5),10,0.002501527615822851,0.0009256102270557732,2.004514956474304,0.12060894604218245
scan62,skip_global,4,Middle (6-11),12,0.00042952058397026545,0.0005107394117609002,0.2637388176388213,0.9261034537076297
scan62,skip_global,4,Late (12-16),2,2.21252363796034e-05,7.834500960247136e-05,0.023764610290528232,0.9420550970161268
scan9,skip_frame,0,Early (1-5),10,-0.0011432623490691188,0.003296119155199004,-0.8345121224721265,0.0
scan9,skip_frame,0,Middle (6-11),12,-0.0001713637288452845,0.0016503778097795034,-0.5766582489013671,0.0
scan9,skip_frame,0,Late (12-16),10,0.00043004879262298356,0.0006256510180313879,0.247555692990621,0.0
scan9,skip_frame,1,Early (1-5),10,-0.0007609217738111824,0.0020495050053003622,-0.7786057313283277,-3.829915018244969
scan9,skip_frame,1,Middle (6-11),12,0.0013461608581969316,0.000936497745559759,0.9799073007371693,-1.9572360985516017
scan9,skip_frame,1,Late (12-16),8,0.0002983550269467138,0.00035747284826313986,0.28693342208862327,0.10680204029024282
scan9,skip_frame,2,Early (1-5),10,-9.60414142658319e-05,0.0015610865938340583,-0.199375693003336,-1.3011541749147728
scan9,skip_frame,2,Middle (6-11),12,0.0016712704285358395,0.0006854956087760029,1.2737687031428024,-2.1517621303472856
scan9,skip_frame,2,Late (12-16),6,0.00013014723339842415,0.0001812872020813227,0.1568268140157064,0.7510391974914311
scan9,skip_frame,4,Early (1-5),10,-0.0006415955567111574,0.0025949834051095053,-0.6982592423756913,-4.189551068151499
scan9,skip_frame,4,Middle (6-11),12,0.0009753176321585975,0.0007944865999440265,0.7553932468096417,-0.42258778403338687
scan9,skip_frame,4,Late (12-16),2,-7.593429957826947e-05,2.8300511200885168e-05,-0.044209162394206025,0.9415643175824913
scan9,skip_global,0,Early (1-5),10,0.004306038686384758,0.004551500320821662,3.243053102493286,0.0
scan9,skip_global,0,Middle (6-11),12,0.0033963022675986103,0.0012585836043666123,2.750286022822063,0.0
scan9,skip_global,0,Late (12-16),10,0.0020352705692251527,0.0011631760454210948,1.4971216122309365,0.0
scan9,skip_global,1,Early (1-5),10,-0.0010099395488699283,0.001886081552631452,-1.1887062072753902,0.013794211960433279
scan9,skip_global,1,Middle (6-11),12,0.0010832287694534494,0.0013294640347578507,0.7012073728773331,0.5353440687750196
scan9,skip_global,1,Late (12-16),8,0.0005992035245678078,0.0003223404493305101,0.40703840057055163,0.7413502169145937
scan9,skip_global,2,Early (1-5),10,-0.0012827222235500817,0.0020557743205623542,-1.088294013341267,0.23691524644365317
scan9,skip_global,2,Middle (6-11),12,0.0018771206766056523,0.0008350154573226501,1.4964086612065637,0.3898522280767031
scan9,skip_global,2,Late (12-16),6,0.0006250200741406949,0.00045352267546084165,0.3674090041054618,0.7892945556293789
scan9,skip_global,4,Early (1-5),10,0.0005147159410019721,0.000802357409550476,0.4297798633575439,0.4846634425685691
scan9,skip_global,4,Middle (6-11),12,0.0008614615459615988,0.0005957519251852715,0.6915327972835966,0.636013686184857
scan9,skip_global,4,Late (12-16),2,0.00014936644583940463,0.00038239594187614544,0.10607314109802246,0.9312632535449938
OVERALL_ALL_SCENES,skip_frame,0,Early (1-5),50,-0.0013620709612344702,0.003565461238411228,-0.76598509311676,0.0
OVERALL_ALL_SCENES,skip_frame,0,Middle (6-11),60,0.0009566740210478507,0.0017885024701747604,0.5655110312832726,0.0
OVERALL_ALL_SCENES,skip_frame,0,Late (12-16),50,0.0005675530907077095,0.00040527243219367866,0.22149477243423454,0.0
OVERALL_ALL_SCENES,skip_frame,1,Early (1-5),50,0.00018622803036123477,0.0029141260823720766,0.17463253657023106,-2.139516058170982
OVERALL_ALL_SCENES,skip_frame,1,Middle (6-11),60,0.0012902822862896658,0.0012882338636241767,0.8963258193598853,-2.386162629603688
OVERALL_ALL_SCENES,skip_frame,1,Late (12-16),40,0.00036479284074933583,0.00026593121226481836,0.1575481792291006,0.30764116832162236
OVERALL_ALL_SCENES,skip_frame,2,Early (1-5),50,0.00040195882320404053,0.0032709132663164375,0.3260520442326863,-2.494539946660991
OVERALL_ALL_SCENES,skip_frame,2,Middle (6-11),60,0.0009089773068101042,0.0008349714129942967,0.613213685486052,-1.952203380979788
OVERALL_ALL_SCENES,skip_frame,2,Late (12-16),30,6.491837686755588e-05,0.0001574069782410393,0.03083688947889538,0.7459025520667592
OVERALL_ALL_SCENES,skip_frame,4,Early (1-5),50,0.0002171592127221326,0.0019127514380079666,0.10176624615987143,-1.3635801916922128
OVERALL_ALL_SCENES,skip_frame,4,Middle (6-11),60,0.00024034927612067103,0.000533723500126819,0.1622328764862484,0.1381353108183159
OVERALL_ALL_SCENES,skip_frame,4,Late (12-16),10,-6.25689203540484e-05,0.00013930012363279326,-0.04005844195683785,0.7662091769093701
OVERALL_ALL_SCENES,skip_global,0,Early (1-5),50,0.005602251123636961,0.004404390807999165,4.295317436854045,0.0
OVERALL_ALL_SCENES,skip_global,0,Middle (6-11),60,0.0031835662537357872,0.0016430243948726314,2.346911784675386,0.0
OVERALL_ALL_SCENES,skip_global,0,Late (12-16),50,0.0005688246355081599,0.0010427045296401893,0.4221258107821147,0.0
OVERALL_ALL_SCENES,skip_global,1,Early (1-5),50,0.0011315843385333814,0.0033287654918472544,0.7253427092234296,-0.9742705595760942
OVERALL_ALL_SCENES,skip_global,1,Middle (6-11),60,0.0006494385170905542,0.0008761445870544707,0.4228646662500171,0.7501242213485759
OVERALL_ALL_SCENES,skip_global,1,Late (12-16),40,5.204195234303678e-05,0.0003284237938150123,0.050858857234319224,0.4709891240052069
OVERALL_ALL_SCENES,skip_global,2,Early (1-5),50,0.0007629869847247995,0.0025244474062516963,0.6125932041803996,-0.1568314860459375
OVERALL_ALL_SCENES,skip_global,2,Middle (6-11),60,0.0008565232558693325,0.0008692563952474696,0.6075383060508305,0.7357571628701383
OVERALL_ALL_SCENES,skip_global,2,Late (12-16),30,0.000102299979577462,0.0003319550847747199,0.06624855995178237,0.7118874360176904
OVERALL_ALL_SCENES,skip_global,4,Early (1-5),50,0.0012544092015984156,0.0010961433428492754,0.9735483741760254,0.04514928193173869
OVERALL_ALL_SCENES,skip_global,4,Middle (6-11),60,0.000427755505208754,0.0004850660078656253,0.277724908457862,0.8302529962461223
OVERALL_ALL_SCENES,skip_global,4,Late (12-16),10,0.00015615817392244935,0.00021472808944279396,0.06443955103556345,0.5401043663167799
