seq_id,scan_name,subset_name,iteration,mag_frame,mag_global,mag_step,cos_to_terminal_flat,cos_to_terminal_token_mean,cos_frame_consecutive,cos_global_consecutive
scan1_subset_middle,scan1,subset_middle,1,0.7244147062301636,0.32937633991241455,0.7672100067138672,0.6893777847290039,0.6909171342849731,0.1371515393257141,0.518482506275177
scan1_subset_middle,scan1,subset_middle,2,0.2761434018611908,0.29519638419151306,0.3133198618888855,0.7639338970184326,0.765116810798645,0.6427390575408936,0.7519493103027344
scan1_subset_middle,scan1,subset_middle,3,0.2620282769203186,0.2957189381122589,0.2535263001918793,0.8247208595275879,0.8257052302360535,0.7784572839736938,0.8462631702423096
scan1_subset_middle,scan1,subset_middle,4,0.22842535376548767,0.2625761032104492,0.1819663941860199,0.8702136278152466,0.8709239959716797,0.883753776550293,0.9208630323410034
scan1_subset_middle,scan1,subset_middle,5,0.20073272287845612,0.23060275614261627,0.1304355263710022,0.9001827239990234,0.9006170034408569,0.9282522797584534,0.9489696621894836
scan1_subset_middle,scan1,subset_middle,6,0.18316832184791565,0.20911771059036255,0.1025947779417038,0.9221233129501343,0.9223666191101074,0.9575296640396118,0.9630789756774902
scan1_subset_middle,scan1,subset_middle,7,0.16800901293754578,0.18998029828071594,0.08593402057886124,0.9398275017738342,0.9399521350860596,0.9715148210525513,0.9747292995452881
scan1_subset_middle,scan1,subset_middle,8,0.15344515442848206,0.17160847783088684,0.0713212639093399,0.9534306526184082,0.9534826874732971,0.980681300163269,0.982832133769989
scan1_subset_middle,scan1,subset_middle,9,0.14303572475910187,0.15920378267765045,0.06526965647935867,0.964846134185791,0.9648517370223999,0.9865418672561646,0.9883331060409546
scan1_subset_middle,scan1,subset_middle,10,0.13438677787780762,0.14951953291893005,0.06228009983897209,0.9742041826248169,0.9741852283477783,0.9899473190307617,0.9910359978675842
scan1_subset_middle,scan1,subset_middle,11,0.12648941576480865,0.14109662175178528,0.06113985925912857,0.9820026159286499,0.981977641582489,0.9911013245582581,0.9928021430969238
scan1_subset_middle,scan1,subset_middle,12,0.12083015590906143,0.13407328724861145,0.06291046738624573,0.9882698059082031,0.988246500492096,0.9924590587615967,0.9935150146484375
scan1_subset_middle,scan1,subset_middle,13,0.11601432412862778,0.12778818607330322,0.06270751357078552,0.9932898283004761,0.9932748079299927,0.9930857419967651,0.994732141494751
scan1_subset_middle,scan1,subset_middle,14,0.11195950210094452,0.12364927679300308,0.06550759822130203,0.9970168471336365,0.9970091581344604,0.9939361810684204,0.9954184889793396
scan1_subset_middle,scan1,subset_middle,15,0.10958537459373474,0.12145871669054031,0.06881342828273773,0.9992821216583252,0.9992806315422058,0.9943684339523315,0.9958814978599548
scan1_subset_middle,scan1,subset_middle,16,0.10608804225921631,0.11646228283643723,0.07099463790655136,0.9999999403953552,1.0,,
scan1_subset_uniform,scan1,subset_uniform,1,0.7168869972229004,0.34717729687690735,0.7653354406356812,0.6768457889556885,0.6798996329307556,0.13037684559822083,0.5112977623939514
scan1_subset_uniform,scan1,subset_uniform,2,0.28255826234817505,0.30465975403785706,0.3214545249938965,0.7582882642745972,0.7610856890678406,0.6513771414756775,0.7310620546340942
scan1_subset_uniform,scan1,subset_uniform,3,0.2659558355808258,0.29597246646881104,0.25994765758514404,0.8242876529693604,0.8265029788017273,0.758302628993988,0.8511438369750977
scan1_subset_uniform,scan1,subset_uniform,4,0.22998468577861786,0.26379844546318054,0.18326435983181,0.8699558973312378,0.8714395761489868,0.8877763748168945,0.9317195415496826
scan1_subset_uniform,scan1,subset_uniform,5,0.20132572948932648,0.22966007888317108,0.12829723954200745,0.8999539017677307,0.9009712934494019,0.9443081617355347,0.9577904343605042
scan1_subset_uniform,scan1,subset_uniform,6,0.18207316100597382,0.20561818778514862,0.09860191494226456,0.9216288328170776,0.9223277568817139,0.9677973389625549,0.971817135810852
scan1_subset_uniform,scan1,subset_uniform,7,0.16643811762332916,0.1873028427362442,0.08246426284313202,0.9388828873634338,0.9393442273139954,0.9781513214111328,0.9788805246353149
scan1_subset_uniform,scan1,subset_uniform,8,0.15419617295265198,0.170591801404953,0.07129751145839691,0.9528424739837646,0.9531468152999878,0.9835987091064453,0.9834257364273071
scan1_subset_uniform,scan1,subset_uniform,9,0.14364683628082275,0.15850019454956055,0.0660589262843132,0.9645205736160278,0.9647088646888733,0.9872975945472717,0.9877549409866333
scan1_subset_uniform,scan1,subset_uniform,10,0.13493843376636505,0.1485844999551773,0.06333387643098831,0.9741206169128418,0.974226713180542,0.9899654388427734,0.9900926351547241
scan1_subset_uniform,scan1,subset_uniform,11,0.12731096148490906,0.14003866910934448,0.06219466030597687,0.9821300506591797,0.9821844696998596,0.9911034107208252,0.9923757910728455
scan1_subset_uniform,scan1,subset_uniform,12,0.12115311622619629,0.13252179324626923,0.06338600814342499,0.9884737730026245,0.9884963035583496,0.9925464391708374,0.9931540489196777
scan1_subset_uniform,scan1,subset_uniform,13,0.11582943797111511,0.12585432827472687,0.06288985162973404,0.9934636354446411,0.9934727549552917,0.9930902719497681,0.9938628673553467
scan1_subset_uniform,scan1,subset_uniform,14,0.11138015240430832,0.12129813432693481,0.06529314815998077,0.9971141815185547,0.9971164464950562,0.9939928650856018,0.9945617914199829
scan1_subset_uniform,scan1,subset_uniform,15,0.10842721909284592,0.11864788085222244,0.06826658546924591,0.9993097186088562,0.9993107914924622,0.9939061999320984,0.9953827857971191
scan1_subset_uniform,scan1,subset_uniform,16,0.10477432608604431,0.1133585125207901,0.07024118304252625,1.0,1.0,,
scan4_subset_middle,scan4,subset_middle,1,0.7307869791984558,0.34344398975372314,0.7749444246292114,0.6865336894989014,0.688769519329071,0.1191466748714447,0.46987658739089966
scan4_subset_middle,scan4,subset_middle,2,0.29589909315109253,0.3267922103404999,0.3494773507118225,0.7635142803192139,0.7653976082801819,0.6168464422225952,0.7738492488861084
scan4_subset_middle,scan4,subset_middle,3,0.2701359987258911,0.30289050936698914,0.2504749000072479,0.8258206844329834,0.8271971344947815,0.8340376019477844,0.8737671971321106
scan4_subset_middle,scan4,subset_middle,4,0.23261921107769012,0.2672371566295624,0.18112538754940033,0.8697806596755981,0.8707000613212585,0.8975926637649536,0.928921639919281
scan4_subset_middle,scan4,subset_middle,5,0.20153872668743134,0.23114757239818573,0.12725308537483215,0.8987047672271729,0.8992783427238464,0.939298152923584,0.9571173787117004
scan4_subset_middle,scan4,subset_middle,6,0.18177315592765808,0.20887905359268188,0.10076193511486053,0.9210838079452515,0.9214175343513489,0.9615400433540344,0.9696236848831177
scan4_subset_middle,scan4,subset_middle,7,0.16672299802303314,0.19202427566051483,0.08563987165689468,0.938973069190979,0.9391671419143677,0.975416362285614,0.9780591130256653
scan4_subset_middle,scan4,subset_middle,8,0.15429699420928955,0.17554868757724762,0.07362652570009232,0.9528107047080994,0.9529268145561218,0.9826570153236389,0.9840860366821289
scan4_subset_middle,scan4,subset_middle,9,0.14468127489089966,0.16404356062412262,0.06842489540576935,0.964364767074585,0.9644398093223572,0.9869296550750732,0.9878495931625366
scan4_subset_middle,scan4,subset_middle,10,0.13719463348388672,0.15404152870178223,0.06545457988977432,0.9739576578140259,0.9740083813667297,0.9898815155029297,0.9907840490341187
scan4_subset_middle,scan4,subset_middle,11,0.12959599494934082,0.14531558752059937,0.06362279504537582,0.9818932414054871,0.9819273948669434,0.9912056922912598,0.9918596744537354
scan4_subset_middle,scan4,subset_middle,12,0.123680979013443,0.1372702270746231,0.0651649683713913,0.9883277416229248,0.9883468747138977,0.9920668005943298,0.9933756589889526
scan4_subset_middle,scan4,subset_middle,13,0.11834904551506042,0.12990014255046844,0.06381766498088837,0.9933552742004395,0.9933664798736572,0.9932100176811218,0.9946857690811157
scan4_subset_middle,scan4,subset_middle,14,0.11392705142498016,0.12506696581840515,0.06598656624555588,0.9970476627349854,0.9970526099205017,0.9940248131752014,0.9946486353874207
scan4_subset_middle,scan4,subset_middle,15,0.11109600216150284,0.12241335958242416,0.06880371272563934,0.9992967247962952,0.9992982745170593,0.9941669702529907,0.9957424998283386
scan4_subset_middle,scan4,subset_middle,16,0.10739520937204361,0.11673266440629959,0.0703745111823082,1.0000001192092896,1.0,,
scan4_subset_uniform,scan4,subset_uniform,1,0.721859335899353,0.36611616611480713,0.7730753421783447,0.6604837775230408,0.6646933555603027,0.12066245079040527,0.473060667514801
scan4_subset_uniform,scan4,subset_uniform,2,0.31500229239463806,0.33490586280822754,0.3636315166950226,0.7491875886917114,0.7528530359268188,0.6032552719116211,0.7548208236694336
scan4_subset_uniform,scan4,subset_uniform,3,0.27670130133628845,0.3137665092945099,0.2663620114326477,0.8197985291481018,0.8222086429595947,0.8157770037651062,0.8743008375167847
scan4_subset_uniform,scan4,subset_uniform,4,0.23602357506752014,0.269437700510025,0.1832563728094101,0.8657486438751221,0.8673726320266724,0.8988633155822754,0.9324414730072021
scan4_subset_uniform,scan4,subset_uniform,5,0.20533710718154907,0.23459959030151367,0.13014832139015198,0.8960028886795044,0.8971115946769714,0.9484549760818481,0.9590673446655273
scan4_subset_uniform,scan4,subset_uniform,6,0.18476630747318268,0.21128880977630615,0.10123702138662338,0.9181410074234009,0.9188868403434753,0.9679155349731445,0.9722021818161011
scan4_subset_uniform,scan4,subset_uniform,7,0.169858917593956,0.19329729676246643,0.08617958426475525,0.9360693693161011,0.9365601539611816,0.9775986075401306,0.9781804084777832
scan4_subset_uniform,scan4,subset_uniform,8,0.15798772871494293,0.1766814887523651,0.07576090842485428,0.9505641460418701,0.9508861303329468,0.9830528497695923,0.9831806421279907
scan4_subset_uniform,scan4,subset_uniform,9,0.14760777354240417,0.1646771878004074,0.07028580456972122,0.9626820683479309,0.9628914594650269,0.9872454404830933,0.9858814477920532
scan4_subset_uniform,scan4,subset_uniform,10,0.1392446607351303,0.15365779399871826,0.06714365631341934,0.9729167819023132,0.9730435609817505,0.9893442392349243,0.9887094497680664
scan4_subset_uniform,scan4,subset_uniform,11,0.13076245784759521,0.14400717616081238,0.06499511748552322,0.9814135432243347,0.981488049030304,0.990761935710907,0.9904063940048218
scan4_subset_uniform,scan4,subset_uniform,12,0.1242474764585495,0.1356159895658493,0.06584827601909637,0.988172173500061,0.9882110357284546,0.9915128946304321,0.9911900758743286
scan4_subset_uniform,scan4,subset_uniform,13,0.11854974925518036,0.127959743142128,0.0644511729478836,0.9933891296386719,0.9934101700782776,0.9922458529472351,0.9930763244628906
scan4_subset_uniform,scan4,subset_uniform,14,0.11364869028329849,0.12281440198421478,0.06592149287462234,0.9971069097518921,0.9971157908439636,0.9932345747947693,0.9943350553512573
scan4_subset_uniform,scan4,subset_uniform,15,0.11042394489049911,0.11960925161838531,0.06847731024026871,0.9993146061897278,0.9993172287940979,0.993649423122406,0.9953012466430664
scan4_subset_uniform,scan4,subset_uniform,16,0.10651154816150665,0.11392641067504883,0.06987721472978592,1.0,1.0,,
scan9_subset_middle,scan9,subset_middle,1,0.7249541878700256,0.329593300819397,0.7669299840927124,0.7029522657394409,0.7052211165428162,0.13939103484153748,0.5137345790863037
scan9_subset_middle,scan9,subset_middle,2,0.2616494297981262,0.2661896049976349,0.28495484590530396,0.7638497948646545,0.7656388282775879,0.640903890132904,0.695158839225769
scan9_subset_middle,scan9,subset_middle,3,0.23811493813991547,0.2645642161369324,0.23216228187084198,0.8147021532058716,0.8160332441329956,0.7586088180541992,0.8024374842643738
scan9_subset_middle,scan9,subset_middle,4,0.22695951163768768,0.27481165528297424,0.20955510437488556,0.8553078770637512,0.8562880158424377,0.8229532837867737,0.8797614574432373
scan9_subset_middle,scan9,subset_middle,5,0.21641092002391815,0.2460894137620926,0.1605856567621231,0.8877074718475342,0.8883519172668457,0.8976117372512817,0.9182177782058716
scan9_subset_middle,scan9,subset_middle,6,0.19046534597873688,0.21488621830940247,0.12129497528076172,0.9130933284759521,0.9134694337844849,0.936337947845459,0.9474214315414429
scan9_subset_middle,scan9,subset_middle,7,0.1700645536184311,0.19366177916526794,0.09594795107841492,0.9319382905960083,0.9321095943450928,0.9590355157852173,0.9635719060897827
scan9_subset_middle,scan9,subset_middle,8,0.15717323124408722,0.1763741821050644,0.08180782943964005,0.9470400214195251,0.947080671787262,0.9697397947311401,0.9700169563293457
scan9_subset_middle,scan9,subset_middle,9,0.14576523005962372,0.16465120017528534,0.0758592039346695,0.9599242210388184,0.9599035382270813,0.9771384000778198,0.9790533781051636
scan9_subset_middle,scan9,subset_middle,10,0.13736535608768463,0.15543410181999207,0.07253163307905197,0.9705857038497925,0.9705498218536377,0.983073353767395,0.98506098985672
scan9_subset_middle,scan9,subset_middle,11,0.1300296038389206,0.14715276658535004,0.06988358497619629,0.979522705078125,0.979495108127594,0.9867023229598999,0.9879820346832275
scan9_subset_middle,scan9,subset_middle,12,0.12407268583774567,0.13877956569194794,0.06960424035787582,0.9866931438446045,0.9866747856140137,0.9889017939567566,0.988163411617279
scan9_subset_middle,scan9,subset_middle,13,0.11862218379974365,0.1305864453315735,0.06746644526720047,0.9924530982971191,0.9924443960189819,0.9899122714996338,0.9903126955032349
scan9_subset_middle,scan9,subset_middle,14,0.11386985331773758,0.1253107786178589,0.06875897943973541,0.9966868162155151,0.9966828227043152,0.9910554885864258,0.9919343590736389
scan9_subset_middle,scan9,subset_middle,15,0.11068548262119293,0.12215319275856018,0.07074015587568283,0.9992198348045349,0.9992194771766663,0.9920852184295654,0.9940522909164429
scan9_subset_middle,scan9,subset_middle,16,0.10703477263450623,0.11637351661920547,0.07181613892316818,0.9999999403953552,1.0,,
scan9_subset_uniform,scan9,subset_uniform,1,0.7220785617828369,0.34711021184921265,0.7652965784072876,0.6921117305755615,0.695193350315094,0.1523209661245346,0.509908139705658
scan9_subset_uniform,scan9,subset_uniform,2,0.26749953627586365,0.2705295979976654,0.29052966833114624,0.7497344017028809,0.7522689700126648,0.6503229141235352,0.6562429666519165
scan9_subset_uniform,scan9,subset_uniform,3,0.24020400643348694,0.2609589099884033,0.2352798730134964,0.8019412159919739,0.8037944436073303,0.7759701013565063,0.7708790302276611
scan9_subset_uniform,scan9,subset_uniform,4,0.23794998228549957,0.2921852171421051,0.2363310605287552,0.8467512726783752,0.8480613827705383,0.7326481342315674,0.8175838589668274
scan9_subset_uniform,scan9,subset_uniform,5,0.22249051928520203,0.24937838315963745,0.17645163834095,0.8830581903457642,0.8839535713195801,0.8581729531288147,0.9029361009597778
scan9_subset_uniform,scan9,subset_uniform,6,0.1954808235168457,0.22119706869125366,0.12765958905220032,0.9092838764190674,0.9098669290542603,0.9255566000938416,0.9394498467445374
scan9_subset_uniform,scan9,subset_uniform,7,0.17474326491355896,0.1987413465976715,0.10225563496351242,0.9289271235466003,0.9293051362037659,0.950005054473877,0.9522559642791748
scan9_subset_uniform,scan9,subset_uniform,8,0.16134682297706604,0.1817447990179062,0.08879733085632324,0.9444977641105652,0.9447367191314697,0.9639162421226501,0.9649009704589844
scan9_subset_uniform,scan9,subset_uniform,9,0.15101411938667297,0.17075683176517487,0.08186940103769302,0.9579546451568604,0.958100438117981,0.9735690355300903,0.9749764204025269
scan9_subset_uniform,scan9,subset_uniform,10,0.14193663001060486,0.15914291143417358,0.07614564895629883,0.9694197177886963,0.9695001244544983,0.9812670946121216,0.9807278513908386
scan9_subset_uniform,scan9,subset_uniform,11,0.13369955122470856,0.14841797947883606,0.07196372002363205,0.9790370464324951,0.9790837168693542,0.9856114387512207,0.9845367670059204
scan9_subset_uniform,scan9,subset_uniform,12,0.12605376541614532,0.13824781775474548,0.07083369046449661,0.9867277145385742,0.9867487549781799,0.9872755408287048,0.9868842363357544
scan9_subset_uniform,scan9,subset_uniform,13,0.11941717565059662,0.12906388938426971,0.06789702922105789,0.9926818609237671,0.992691695690155,0.9893001317977905,0.9906758069992065
scan9_subset_uniform,scan9,subset_uniform,14,0.11401340365409851,0.12306089699268341,0.0681961178779602,0.9968602657318115,0.9968640804290771,0.991459846496582,0.9926810264587402
scan9_subset_uniform,scan9,subset_uniform,15,0.11048409342765808,0.11946550756692886,0.06964528560638428,0.9992668032646179,0.9992682337760925,0.9929989576339722,0.9945253133773804
scan9_subset_uniform,scan9,subset_uniform,16,0.10669443756341934,0.11372627317905426,0.0706147775053978,1.0,1.0,,
scan24_subset_middle,scan24,subset_middle,1,0.7174798846244812,0.3344251811504364,0.7636361718177795,0.6888623237609863,0.6903069615364075,0.12876980006694794,0.5443114042282104
scan24_subset_middle,scan24,subset_middle,2,0.26208582520484924,0.2701365649700165,0.2842944264411926,0.7595177292823792,0.7607126832008362,0.6695907115936279,0.7686506509780884
scan24_subset_middle,scan24,subset_middle,3,0.23729196190834045,0.2575186491012573,0.2183055281639099,0.8117820024490356,0.8127619624137878,0.7885271906852722,0.8439034223556519
scan24_subset_middle,scan24,subset_middle,4,0.22207625210285187,0.26321297883987427,0.19463427364826202,0.8545815944671631,0.8554103374481201,0.8362722992897034,0.896228015422821
scan24_subset_middle,scan24,subset_middle,5,0.21270152926445007,0.24557539820671082,0.154459148645401,0.8880999088287354,0.8887166976928711,0.9086208343505859,0.9360166788101196
scan24_subset_middle,scan24,subset_middle,6,0.19164828956127167,0.21813613176345825,0.11738813668489456,0.9133158326148987,0.9137601256370544,0.9441469311714172,0.9552690982818604
scan24_subset_middle,scan24,subset_middle,7,0.17394649982452393,0.1970902681350708,0.0941704735159874,0.932621955871582,0.9328902363777161,0.9584255814552307,0.9687463045120239
scan24_subset_middle,scan24,subset_middle,8,0.15924914181232452,0.17842218279838562,0.07899466156959534,0.947853684425354,0.9479922652244568,0.9734569787979126,0.9756003618240356
scan24_subset_middle,scan24,subset_middle,9,0.14730577170848846,0.1646650731563568,0.0712108463048935,0.9607102870941162,0.9607524275779724,0.9800439476966858,0.9817055463790894
scan24_subset_middle,scan24,subset_middle,10,0.13813045620918274,0.1537417769432068,0.06662988662719727,0.9712352752685547,0.9712193608283997,0.9851632714271545,0.9858826398849487
scan24_subset_middle,scan24,subset_middle,11,0.12982071936130524,0.14504969120025635,0.06478483974933624,0.9800042510032654,0.9799651503562927,0.9873754978179932,0.9886332750320435
scan24_subset_middle,scan24,subset_middle,12,0.12339422851800919,0.13763603568077087,0.06563986837863922,0.9870262742042542,0.9869823455810547,0.9895742535591125,0.9898619651794434
scan24_subset_middle,scan24,subset_middle,13,0.1180037185549736,0.13091763854026794,0.06522458046674728,0.9926016330718994,0.992569625377655,0.9908475279808044,0.9922387003898621
scan24_subset_middle,scan24,subset_middle,14,0.11343095451593399,0.12628285586833954,0.06788858026266098,0.9967247247695923,0.9967076182365417,0.9922533631324768,0.9932317733764648
scan24_subset_middle,scan24,subset_middle,15,0.11037230491638184,0.12377402186393738,0.07096043974161148,0.9992177486419678,0.9992139935493469,0.9929355382919312,0.994855523109436
scan24_subset_middle,scan24,subset_middle,16,0.10639659315347672,0.11830159276723862,0.07285755127668381,1.0,1.0,,
scan24_subset_uniform,scan24,subset_uniform,1,0.7160228490829468,0.33785194158554077,0.7612643837928772,0.6785719394683838,0.6806012392044067,0.14372822642326355,0.5165890455245972
scan24_subset_uniform,scan24,subset_uniform,2,0.26838335394859314,0.2845725119113922,0.3018132150173187,0.7553998231887817,0.7569641470909119,0.6528239250183105,0.717566728591919
scan24_subset_uniform,scan24,subset_uniform,3,0.24238784611225128,0.2829189896583557,0.24230046570301056,0.8143406510353088,0.8156569004058838,0.7654106616973877,0.8412079811096191
scan24_subset_uniform,scan24,subset_uniform,4,0.23152795433998108,0.26767420768737793,0.19256705045700073,0.8609071373939514,0.862056314945221,0.8648169040679932,0.9061786532402039
scan24_subset_uniform,scan24,subset_uniform,5,0.20981472730636597,0.23938043415546417,0.14390236139297485,0.8932061791419983,0.894072413444519,0.9136381149291992,0.9385323524475098
scan24_subset_uniform,scan24,subset_uniform,6,0.1876431107521057,0.2143527865409851,0.10969269275665283,0.9167882204055786,0.9174155592918396,0.9520539045333862,0.9611129760742188
scan24_subset_uniform,scan24,subset_uniform,7,0.17223484814167023,0.1942872554063797,0.08835773169994354,0.93465256690979,0.9351024031639099,0.9664798974990845,0.9702391624450684
scan24_subset_uniform,scan24,subset_uniform,8,0.1585981249809265,0.17641781270503998,0.076215460896492,0.9493948221206665,0.9497063755989075,0.9768937826156616,0.9764935374259949
scan24_subset_uniform,scan24,subset_uniform,9,0.14715483784675598,0.16362446546554565,0.06955961883068085,0.9617812633514404,0.9619647860527039,0.9812015295028687,0.9803481101989746
scan24_subset_uniform,scan24,subset_uniform,10,0.1382913887500763,0.15340451896190643,0.06618993729352951,0.9720584154129028,0.9721502065658569,0.9842036962509155,0.9846054315567017
scan24_subset_uniform,scan24,subset_uniform,11,0.13035254180431366,0.14473837614059448,0.06434250622987747,0.9806263446807861,0.9806604981422424,0.9872540235519409,0.9883475303649902
scan24_subset_uniform,scan24,subset_uniform,12,0.12390725314617157,0.13691535592079163,0.0650726929306984,0.9874616861343384,0.9874652624130249,0.990363597869873,0.9913387298583984
scan24_subset_uniform,scan24,subset_uniform,13,0.11835430562496185,0.13043616712093353,0.06473872810602188,0.9928756952285767,0.9928709268569946,0.9915953874588013,0.9924812912940979
scan24_subset_uniform,scan24,subset_uniform,14,0.11368563771247864,0.12562711536884308,0.06737416982650757,0.9968504905700684,0.9968454241752625,0.9928451776504517,0.9934815168380737
scan24_subset_uniform,scan24,subset_uniform,15,0.11045972257852554,0.12283532321453094,0.07040068507194519,0.9992446899414062,0.9992437362670898,0.9930098652839661,0.9948079586029053
scan24_subset_uniform,scan24,subset_uniform,16,0.1063259094953537,0.11731266230344772,0.07240121811628342,1.0,1.0,,
scan62_subset_middle,scan62,subset_middle,1,0.7345950603485107,0.33694934844970703,0.7761324048042297,0.6768780946731567,0.6789557337760925,0.12676972150802612,0.4877321720123291
scan62_subset_middle,scan62,subset_middle,2,0.2854415476322174,0.29622459411621094,0.32226428389549255,0.7502169609069824,0.7518265843391418,0.6248393654823303,0.771304190158844
scan62_subset_middle,scan62,subset_middle,3,0.2568706274032593,0.2896052598953247,0.24628481268882751,0.8092391490936279,0.8104254007339478,0.7998775243759155,0.8630934357643127
scan62_subset_middle,scan62,subset_middle,4,0.23649421334266663,0.2702041566371918,0.19037821888923645,0.8546425700187683,0.855488657951355,0.8643648624420166,0.9077560305595398
scan62_subset_middle,scan62,subset_middle,5,0.2121361941099167,0.23983155190944672,0.14491117000579834,0.8867598176002502,0.8872873783111572,0.9016141891479492,0.9369068145751953
scan62_subset_middle,scan62,subset_middle,6,0.18954013288021088,0.21835367381572723,0.1149081438779831,0.9110095500946045,0.9112992286682129,0.9418587684631348,0.9531587362289429
scan62_subset_middle,scan62,subset_middle,7,0.17398516833782196,0.19916068017482758,0.09647995233535767,0.9310148358345032,0.9311305284500122,0.9582628011703491,0.9654686450958252
scan62_subset_middle,scan62,subset_middle,8,0.16025763750076294,0.18160569667816162,0.0835147276520729,0.9470828771591187,0.9471126794815063,0.9706718921661377,0.9718406200408936
scan62_subset_middle,scan62,subset_middle,9,0.14900395274162292,0.16963063180446625,0.07760824263095856,0.9603861570358276,0.960382342338562,0.977618932723999,0.9759117364883423
scan62_subset_middle,scan62,subset_middle,10,0.1411445587873459,0.15769916772842407,0.07256845384836197,0.9714243412017822,0.9713987708091736,0.9808791279792786,0.9824578166007996
scan62_subset_middle,scan62,subset_middle,11,0.13220079243183136,0.147330179810524,0.06894883513450623,0.9804695844650269,0.9804367423057556,0.9842774868011475,0.9861623048782349
scan62_subset_middle,scan62,subset_middle,12,0.12504538893699646,0.13831312954425812,0.06865541636943817,0.987544596195221,0.9875144362449646,0.9880492687225342,0.9896500110626221
scan62_subset_middle,scan62,subset_middle,13,0.11922229081392288,0.1306191086769104,0.06640811264514923,0.992982804775238,0.9929637908935547,0.9910764694213867,0.9928710460662842
scan62_subset_middle,scan62,subset_middle,14,0.11476653814315796,0.12570662796497345,0.06776241213083267,0.9968959093093872,0.9968871474266052,0.9931531548500061,0.9938719272613525
scan62_subset_middle,scan62,subset_middle,15,0.11189436167478561,0.12287098914384842,0.07017665356397629,0.9992569088935852,0.9992552995681763,0.9935179948806763,0.9947787523269653
scan62_subset_middle,scan62,subset_middle,16,0.1081014946103096,0.11718843132257462,0.07152233272790909,1.0,1.0,,
scan62_subset_uniform,scan62,subset_uniform,1,0.7333482503890991,0.3561689555644989,0.7764860391616821,0.6553990244865417,0.6594060659408569,0.14992401003837585,0.4729536175727844
scan62_subset_uniform,scan62,subset_uniform,2,0.2862437069416046,0.2932794988155365,0.32294371724128723,0.7268728613853455,0.7310234904289246,0.6428016424179077,0.6878964304924011
scan62_subset_uniform,scan62,subset_uniform,3,0.26294076442718506,0.3186274468898773,0.2802906036376953,0.7888201475143433,0.791839599609375,0.7326565980911255,0.8210488557815552
scan62_subset_uniform,scan62,subset_uniform,4,0.25056570768356323,0.28832024335861206,0.21543563902378082,0.8430396318435669,0.8451598286628723,0.8539078235626221,0.908226490020752
scan62_subset_uniform,scan62,subset_uniform,5,0.21749286353588104,0.24821262061595917,0.15203793346881866,0.8803412318229675,0.8818908333778381,0.9222654104232788,0.9439690113067627
scan62_subset_uniform,scan62,subset_uniform,6,0.19213087856769562,0.2223385125398636,0.11655349284410477,0.9064534902572632,0.9075444936752319,0.9534568190574646,0.9618272185325623
scan62_subset_uniform,scan62,subset_uniform,7,0.17628797888755798,0.20689384639263153,0.10095617175102234,0.9271442890167236,0.9279072880744934,0.9676426649093628,0.9721473455429077
scan62_subset_uniform,scan62,subset_uniform,8,0.1653868854045868,0.1874675750732422,0.08588842302560806,0.9445494413375854,0.9450786113739014,0.9793020486831665,0.9790233373641968
scan62_subset_uniform,scan62,subset_uniform,9,0.15237118303775787,0.17048875987529755,0.0756363496184349,0.9589587450027466,0.9593152403831482,0.9848721623420715,0.9850816130638123
scan62_subset_uniform,scan62,subset_uniform,10,0.1431731879711151,0.15776945650577545,0.07102885842323303,0.9707740545272827,0.9710006713867188,0.9883326292037964,0.9884097576141357
scan62_subset_uniform,scan62,subset_uniform,11,0.13416998088359833,0.1471506953239441,0.06774193793535233,0.9803378582000732,0.9804732203483582,0.9902949333190918,0.9916154742240906
scan62_subset_uniform,scan62,subset_uniform,12,0.12678520381450653,0.13814246654510498,0.06707213819026947,0.9876157641410828,0.9876880645751953,0.9920357465744019,0.9925859570503235
scan62_subset_uniform,scan62,subset_uniform,13,0.12072448432445526,0.1303071826696396,0.06517745554447174,0.993136465549469,0.9931718707084656,0.9925816655158997,0.9937609434127808
scan62_subset_uniform,scan62,subset_uniform,14,0.11567549407482147,0.12491155415773392,0.06617964059114456,0.9970035552978516,0.9970173835754395,0.9939569234848022,0.9949513673782349
scan62_subset_uniform,scan62,subset_uniform,15,0.11221291124820709,0.12162015587091446,0.06848687678575516,0.999284029006958,0.9992876648902893,0.9943686723709106,0.9955811500549316
scan62_subset_uniform,scan62,subset_uniform,16,0.10815834254026413,0.11602040380239487,0.06999508291482925,1.0,1.0,,
