rank,schedule_key,schedule_name,schedule_type,pretrained_absrel,uniform_control_absrel,mild_rand_absrel,treatment_gain_absrel,treatment_gain_pct,beats_pre_k14_hurdle
4,uniform_K12,Uniform K=12,uniform,0.005800840138302494,0.0057929711532779034,0.005807236787707855,-1.4265634429951567e-05,-0.24625764659434699,False
4,uniform_K14,Uniform K=14,uniform,0.005712747306097298,0.005760877428110689,0.00574295303861921,1.792438949147889e-05,0.31113992122129375,False
4,power_g075,Power gamma=0.75,nonuniform,0.005865830151985089,0.0058930598238172635,0.005886645331823577,6.4144919936868355e-06,0.10884824158346677,False
4,power_g125,Power gamma=1.25,nonuniform,0.005864398604414115,0.00582716097123921,0.005817339258889357,9.821712349852851e-06,0.1685505582963869,False
4,cosine_endpoints,Cosine endpoints-dense,nonuniform,0.0058699803155226014,0.005881617594665537,0.005878630261092137,2.987333573400107e-06,0.05079102007769997,False
4,best_random_v0,Best Random (V0 seed=999),nonuniform,0.0058219680019343896,0.005865575435260932,0.005854622627763698,1.0952807497233846e-05,0.1867303151774504,False
4,sampled_mild,Sampled Mild (sigma=0.2),nonuniform,0.005811317785022159,0.005822776975886275,0.0058195397607050834,3.2372151811919936e-06,0.05559572682584605,False
4,sampled_moderate,Sampled Moderate (sigma=0.5),nonuniform,0.005827604238099108,0.005854547365258137,0.005839767345848183,1.4780019409954374e-05,0.2524536652937763,False
4,robust_cv_0.6,Robust CV=0.601,robustness,0.0058521409286186096,0.005840031092520803,0.005837143123305092,2.887969215711189e-06,0.04945126438470073,False
4,nonunif_mean,Non-Uniform K=12 Mean (6 schedules),summary,0.005843516516162911,0.005857456361021226,0.005849424097687006,8.03226333422058e-06,0.13712886343757896,False
8,uniform_K12,Uniform K=12,uniform,0.005800840138302494,0.005805902714685848,0.0058175495360046625,-1.1646821318814747e-05,-0.20060310844262821,False
8,uniform_K14,Uniform K=14,uniform,0.005712747306097298,0.005723264929838478,0.005722413099526117,8.518303123610307e-07,0.014883642864756762,False
8,power_g075,Power gamma=0.75,nonuniform,0.005865830151985089,0.005886770687842121,0.005900586039448779,-1.3815351606657339e-05,-0.23468472511066252,False
8,power_g125,Power gamma=1.25,nonuniform,0.005864398604414115,0.005837566044647247,0.005840462966201206,-2.896921553959507e-06,-0.04962550370827646,False
8,cosine_endpoints,Cosine endpoints-dense,nonuniform,0.0058699803155226014,0.005864122312050313,0.005882428850357731,-1.830653830741779e-05,-0.31217865749149337,False
8,best_random_v0,Best Random (V0 seed=999),nonuniform,0.0058219680019343896,0.005839659180492162,0.005848677879354606,-9.018698862444004e-06,-0.15443878801303462,False
8,sampled_mild,Sampled Mild (sigma=0.2),nonuniform,0.005811317785022159,0.005813108706691613,0.005808025905086348,5.082801605264808e-06,0.08743689240515784,False
8,sampled_moderate,Sampled Moderate (sigma=0.5),nonuniform,0.005827604238099108,0.005847011192236096,0.005833390925545245,1.3620266690850605e-05,0.232944084474067,False
8,robust_cv_0.6,Robust CV=0.601,robustness,0.0058521409286186096,0.005838562629651278,0.005836675106547772,1.8875231035065873e-06,0.03232855795569883,False
8,nonunif_mean,Non-Uniform K=12 Mean (6 schedules),summary,0.005843516516162911,0.005848039687326592,0.005852262094332319,-4.222407005727638e-06,-0.07220209217933496,False
