scene,subset,tolerance,view_idx,frame_id,oracle_k_star,was_early_frozen,is_active_later,freeze_abs_rel,decode_oracle_abs_rel,fixed16_abs_rel,delta_freeze_vs_decode,delta_freeze_vs_k16,freeze_rmse,freeze_mae,freeze_delta1,freeze_geom_l2,freeze_rot_err_deg
scan1,subset_middle,5pct,0,24,8,True,False,0.0036557468120008707,0.0036557468120008707,0.004100610502064228,0.0,-0.00044486369006335735,6.670477867126465,2.3901548385620117,0.9996281266212463,645.3838500976562,0.0
scan1,subset_middle,5pct,1,0,10,True,True,0.004234761465340853,0.00441772909834981,0.006002626847475767,-0.0001829676330089569,-0.0017678653821349144,16.70465087890625,2.9515838623046875,0.9972424507141113,644.5784301757812,0.0
scan1,subset_middle,5pct,2,1,9,True,True,0.004843836184591055,0.004843836184591055,0.005082026124000549,0.0,-0.0002381899394094944,9.44672966003418,3.0901243686676025,0.9983577728271484,652.758544921875,0.0
scan1,subset_middle,5pct,3,2,10,True,True,0.003243819111958146,0.003229741705581546,0.003950988873839378,1.4077406376600266e-05,-0.0007071697618812323,3.2538249492645264,2.100816011428833,1.0,652.1531372070312,0.0
scan1,subset_middle,5pct,4,3,11,True,True,0.003135993145406246,0.0031197043135762215,0.003305153688415885,1.628883183002472e-05,-0.00016916054300963879,3.5708019733428955,2.0533833503723145,0.9999919533729553,655.37060546875,0.0
scan1,subset_middle,5pct,5,4,12,True,True,0.003079301444813609,0.003074467182159424,0.0032369771506637335,4.834262654185295e-06,-0.00015767570585012436,4.131977558135986,1.9705171585083008,0.9998473525047302,647.4718017578125,0.0
scan1,subset_middle,2pct,0,24,8,True,False,0.0036557468120008707,0.0036557468120008707,0.004100610502064228,0.0,-0.00044486369006335735,6.670477867126465,2.3901548385620117,0.9996281266212463,645.3838500976562,0.0
scan1,subset_middle,2pct,1,0,10,True,True,0.004234761465340853,0.00441772909834981,0.006002626847475767,-0.0001829676330089569,-0.0017678653821349144,16.70465087890625,2.9515838623046875,0.9972424507141113,644.5784301757812,0.0
scan1,subset_middle,2pct,2,1,9,True,True,0.004843836184591055,0.004843836184591055,0.005082026124000549,0.0,-0.0002381899394094944,9.44672966003418,3.0901243686676025,0.9983577728271484,652.758544921875,0.0
scan1,subset_middle,2pct,3,2,10,True,True,0.003243819111958146,0.003229741705581546,0.003950988873839378,1.4077406376600266e-05,-0.0007071697618812323,3.2538249492645264,2.100816011428833,1.0,652.1531372070312,0.0
scan1,subset_middle,2pct,4,3,11,True,True,0.003135993145406246,0.0031197043135762215,0.003305153688415885,1.628883183002472e-05,-0.00016916054300963879,3.5708019733428955,2.0533833503723145,0.9999919533729553,655.37060546875,0.0
scan1,subset_middle,2pct,5,4,12,True,True,0.003079301444813609,0.003074467182159424,0.0032369771506637335,4.834262654185295e-06,-0.00015767570585012436,4.131977558135986,1.9705171585083008,0.9998473525047302,647.4718017578125,0.0
scan1,subset_uniform,5pct,0,0,13,True,True,0.00418894924223423,0.00381814525462687,0.003913204185664654,0.0003708039876073599,0.00027574505656957626,16.67481803894043,2.966947555541992,0.9972424507141113,644.5865478515625,0.0
scan1,subset_uniform,5pct,1,8,12,True,True,0.003141910070553422,0.002861228073015809,0.002798883244395256,0.0002806819975376129,0.00034302682615816593,3.254486560821533,2.0273284912109375,0.9999626874923706,651.03662109375,0.0
scan1,subset_uniform,5pct,2,16,12,True,True,0.002926230663433671,0.0027481396682560444,0.0026719924062490463,0.0001780909951776266,0.00025423825718462467,2.8993377685546875,1.9126826524734497,1.0,652.58056640625,0.0
scan1,subset_uniform,5pct,3,24,8,True,False,0.003684020135551691,0.003684020135551691,0.0035596389789134264,0.0,0.00012438115663826466,6.678746700286865,2.4179301261901855,0.9996611475944519,645.38134765625,0.0
scan1,subset_uniform,5pct,4,32,8,True,False,0.00350568606518209,0.00350568606518209,0.0036821523681282997,0.0,-0.0001764663029462099,4.725595951080322,2.247241735458374,1.0,642.3599853515625,0.12508152425289154
scan1,subset_uniform,5pct,5,40,14,True,True,0.0031958657782524824,0.002747807651758194,0.0026711286045610905,0.00044805812649428844,0.0005247371736913919,2.970769166946411,1.9939870834350586,1.0,653.4970092773438,0.0
scan1,subset_uniform,2pct,0,0,13,True,True,0.004085991997271776,0.00381814525462687,0.003913204185664654,0.00026784674264490604,0.00017278781160712242,16.65852928161621,2.898167610168457,0.9972424507141113,644.5869140625,0.0
scan1,subset_uniform,2pct,1,8,13,True,True,0.0030553999822586775,0.0027239162009209394,0.002798883244395256,0.00033148378133773804,0.00025651673786342144,3.214204788208008,1.9751406908035278,0.9999626874923706,651.0323486328125,0.0
scan1,subset_uniform,2pct,2,16,13,True,True,0.00290064699947834,0.002662300830706954,0.0026719924062490463,0.00023834616877138615,0.00022865459322929382,2.8595120906829834,1.892433762550354,1.0,652.576171875,0.0
scan1,subset_uniform,2pct,3,24,9,True,True,0.003247557207942009,0.003247557207942009,0.0035596389789134264,0.0,-0.0003120817709714174,6.317085266113281,2.114062547683716,0.9996611475944519,645.3779907226562,0.0
scan1,subset_uniform,2pct,4,32,8,True,False,0.00350568606518209,0.00350568606518209,0.0036821523681282997,0.0,-0.0001764663029462099,4.725595951080322,2.247241735458374,1.0,642.3599853515625,0.12508152425289154
scan1,subset_uniform,2pct,5,40,15,True,True,0.0031885255593806505,0.0026940188836306334,0.0026711286045610905,0.0004945066757500172,0.00051739695481956,2.922671318054199,1.981858491897583,1.0,653.493408203125,0.0
scan4,subset_middle,5pct,0,24,11,True,False,0.006562517490237951,0.006562517490237951,0.006279202178120613,0.0,0.0002833153121173382,11.969585418701172,4.529019832611084,0.9993579387664795,689.1775512695312,0.0
scan4,subset_middle,5pct,1,0,13,True,True,0.01001805067062378,0.010063082911074162,0.010012357495725155,-4.503224045038223e-05,5.69317489862442e-06,25.879467010498047,6.539564609527588,0.986885130405426,699.8512573242188,0.0
scan4,subset_middle,5pct,2,1,13,True,True,0.008272798731923103,0.00830003246665001,0.008321625180542469,-2.7233734726905823e-05,-4.882644861936569e-05,23.0633602142334,5.465959072113037,0.9890381693840027,700.7186279296875,0.0
scan4,subset_middle,5pct,3,2,13,True,True,0.007226971909403801,0.007249865680932999,0.0073970830999314785,-2.2893771529197693e-05,-0.00017011119052767754,19.212081909179688,4.802325248718262,0.9916080236434937,696.3636474609375,0.0
scan4,subset_middle,5pct,4,3,13,True,True,0.007272146642208099,0.007309392094612122,0.0073531209491193295,-3.724545240402222e-05,-8.097430691123009e-05,20.21344566345215,4.951350212097168,0.9914013743400574,698.3201293945312,0.0
scan4,subset_middle,5pct,5,4,14,True,True,0.006834832020103931,0.006857297383248806,0.006704268045723438,-2.2465363144874573e-05,0.00013056397438049316,18.521028518676758,4.6167497634887695,0.9934444427490234,689.377685546875,0.0
scan4,subset_middle,2pct,0,24,12,True,False,0.005660756025463343,0.005660756025463343,0.006279202178120613,0.0,-0.0006184461526572704,11.334656715393066,3.820770263671875,0.9994171857833862,689.1796875,0.0
scan4,subset_middle,2pct,1,0,13,True,True,0.010063082911074162,0.010063082911074162,0.010012357495725155,0.0,5.072541534900665e-05,25.942502975463867,6.56805419921875,0.986853837966919,699.8524780273438,0.0
scan4,subset_middle,2pct,2,1,13,True,True,0.00830003246665001,0.00830003246665001,0.008321625180542469,0.0,-2.159271389245987e-05,23.11394691467285,5.483709335327148,0.9889900088310242,700.7199096679688,0.0
scan4,subset_middle,2pct,3,2,13,True,True,0.007249865680932999,0.007249865680932999,0.0073970830999314785,0.0,-0.00014721741899847984,19.260940551757812,4.82145357131958,0.9916150569915771,696.3648681640625,0.0
scan4,subset_middle,2pct,4,3,13,True,True,0.007309392094612122,0.007309392094612122,0.0073531209491193295,0.0,-4.372885450720787e-05,20.27208137512207,4.981128215789795,0.99141526222229,698.3214111328125,0.0
scan4,subset_middle,2pct,5,4,15,True,True,0.006704268977046013,0.006735908333212137,0.006704268045723438,-3.1639356166124344e-05,9.313225746154785e-10,18.410991668701172,4.499152183532715,0.9933801889419556,689.3787841796875,0.0
scan4,subset_uniform,5pct,0,0,14,True,True,0.011057478375732899,0.011057478375732899,0.010559925809502602,0.0,0.0004975525662302971,26.46109962463379,7.227194309234619,0.9866737723350525,699.8419189453125,0.0
scan4,subset_uniform,5pct,1,8,14,True,True,0.00735998572781682,0.00735998572781682,0.007013742811977863,0.0,0.00034624291583895683,19.542612075805664,4.964761257171631,0.9923561215400696,696.4498291015625,0.0
scan4,subset_uniform,5pct,2,16,14,True,True,0.005832077004015446,0.005832077004015446,0.005663504358381033,0.0,0.00016857264563441277,14.475549697875977,4.001744270324707,0.9968584775924683,693.9995727539062,0.0
scan4,subset_uniform,5pct,3,24,14,True,True,0.006058375351130962,0.006058375351130962,0.00583442859351635,0.0,0.00022394675761461258,11.598827362060547,4.128576755523682,0.9993677735328674,689.1475219726562,0.0
scan4,subset_uniform,5pct,4,32,13,True,False,0.007424985058605671,0.007424985058605671,0.007096343208104372,0.0,0.0003286418505012989,11.773713111877441,4.985538482666016,0.9995317459106445,683.1306762695312,0.0
scan4,subset_uniform,5pct,5,40,14,True,True,0.00621146522462368,0.00621146522462368,0.006051379255950451,0.0,0.00016008596867322922,9.191072463989258,4.071689128875732,0.9996144771575928,674.17431640625,0.0
scan4,subset_uniform,2pct,0,0,15,True,True,0.01066682394593954,0.01066682394593954,0.010559925809502602,0.0,0.00010689813643693924,26.356449127197266,6.9692888259887695,0.9866580963134766,699.8378295898438,0.0
scan4,subset_uniform,2pct,1,8,15,True,True,0.007098090834915638,0.007098090834915638,0.007013742811977863,0.0,8.434802293777466e-05,19.331689834594727,4.772679805755615,0.9924073219299316,696.4468383789062,0.0
scan4,subset_uniform,2pct,2,16,15,True,True,0.005666876211762428,0.005666876211762428,0.005663504358381033,0.0,3.37185338139534e-06,14.408642768859863,3.870985507965088,0.9968422055244446,693.9968872070312,0.0
scan4,subset_uniform,2pct,3,24,15,True,True,0.005881069228053093,0.005881069228053093,0.00583442859351635,0.0,4.6640634536743164e-05,11.445099830627441,3.9869635105133057,0.9994072914123535,689.1448364257812,0.0
scan4,subset_uniform,2pct,4,32,14,True,False,0.007168442476540804,0.007168442476540804,0.007096343208104372,0.0,7.209926843643188e-05,11.502762794494629,4.7851738929748535,0.9995797872543335,683.1282348632812,0.0
scan4,subset_uniform,2pct,5,40,15,True,True,0.006074040196835995,0.006074040196835995,0.006051379255950451,0.0,2.2660940885543823e-05,9.09104061126709,3.9693799018859863,0.9996144771575928,674.1714477539062,0.0
scan9,subset_middle,5pct,0,24,16,False,True,0.0064375391229987144,0.0064375391229987144,0.0064375391229987144,0.0,0.0,9.535917282104492,4.200503826141357,0.9998176097869873,653.93212890625,0.0
scan9,subset_middle,5pct,1,0,16,False,True,0.008517464622855186,0.008517464622855186,0.008517464622855186,0.0,0.0,10.505579948425293,5.381802082061768,1.0,633.2905883789062,0.0
scan9,subset_middle,5pct,2,1,16,False,True,0.008016612380743027,0.008016612380743027,0.008016612380743027,0.0,0.0,11.038130760192871,5.155209064483643,0.999949038028717,643.6646118164062,0.0
scan9,subset_middle,5pct,3,2,16,False,True,0.007165900897234678,0.007165900897234678,0.007165900897234678,0.0,0.0,9.90674114227295,4.60990571975708,0.9999018907546997,639.7727661132812,0.0
scan9,subset_middle,5pct,4,3,16,False,True,0.007297448348253965,0.007297448348253965,0.007297448348253965,0.0,0.0,9.050064086914062,4.607132911682129,1.0,639.609375,0.0
scan9,subset_middle,5pct,5,4,15,True,False,0.009393270127475262,0.009393270127475262,0.009042100980877876,0.0,0.0003511691465973854,13.229363441467285,5.83344030380249,0.998559296131134,623.8108520507812,0.0
scan9,subset_middle,2pct,0,24,16,False,False,0.0064375391229987144,0.0064375391229987144,0.0064375391229987144,0.0,0.0,9.535917282104492,4.200503826141357,0.9998176097869873,653.93212890625,0.0
scan9,subset_middle,2pct,1,0,16,False,False,0.008517464622855186,0.008517464622855186,0.008517464622855186,0.0,0.0,10.505579948425293,5.381802082061768,1.0,633.2905883789062,0.0
scan9,subset_middle,2pct,2,1,16,False,False,0.008016612380743027,0.008016612380743027,0.008016612380743027,0.0,0.0,11.038130760192871,5.155209064483643,0.999949038028717,643.6646118164062,0.0
scan9,subset_middle,2pct,3,2,16,False,False,0.007165900897234678,0.007165900897234678,0.007165900897234678,0.0,0.0,9.90674114227295,4.60990571975708,0.9999018907546997,639.7727661132812,0.0
scan9,subset_middle,2pct,4,3,16,False,False,0.007297448348253965,0.007297448348253965,0.007297448348253965,0.0,0.0,9.050064086914062,4.607132911682129,1.0,639.609375,0.0
scan9,subset_middle,2pct,5,4,16,False,False,0.009042100980877876,0.009042100980877876,0.009042100980877876,0.0,0.0,12.825010299682617,5.5892534255981445,0.9985855221748352,623.806884765625,0.0
scan9,subset_uniform,5pct,0,0,15,True,True,0.00889956671744585,0.00889956671744585,0.00868688989430666,0.0,0.00021267682313919067,10.871349334716797,5.562961101531982,1.0,633.3557739257812,0.0
scan9,subset_uniform,5pct,1,8,15,True,True,0.007160136476159096,0.007160136476159096,0.006972805131226778,0.0,0.00018733134493231773,10.445868492126465,4.632920742034912,0.9995999932289124,646.8446655273438,0.0
scan9,subset_uniform,5pct,2,16,15,True,True,0.0066115474328398705,0.0066115474328398705,0.0064910766668617725,0.0,0.00012047076597809792,10.329071998596191,4.262209892272949,0.9995356202125549,649.1293334960938,0.0
scan9,subset_uniform,5pct,3,24,15,True,True,0.006452718283981085,0.006452718283981085,0.006245010532438755,0.0,0.0002077077515423298,10.235557556152344,4.2143473625183105,0.99985271692276,653.96630859375,0.0
scan9,subset_uniform,5pct,4,32,15,True,True,0.0061036706902086735,0.0061036706902086735,0.0059392573311924934,0.0,0.00016441335901618004,8.552140235900879,3.9198546409606934,1.0,649.0671997070312,0.0
scan9,subset_uniform,5pct,5,40,14,True,False,0.005808051209896803,0.005808051209896803,0.005553250201046467,0.0,0.0002548010088503361,8.244752883911133,3.5716137886047363,1.0,657.2416381835938,0.0
scan9,subset_uniform,2pct,0,0,16,False,True,0.00868688989430666,0.00868688989430666,0.00868688989430666,0.0,0.0,10.74161148071289,5.426607608795166,1.0,633.349365234375,0.0
scan9,subset_uniform,2pct,1,8,16,False,True,0.006972805131226778,0.006972805131226778,0.006972805131226778,0.0,0.0,10.359121322631836,4.49806547164917,0.999631404876709,646.8385009765625,0.0
scan9,subset_uniform,2pct,2,16,15,True,False,0.0066115474328398705,0.0066115474328398705,0.0064910766668617725,0.0,0.00012047076597809792,10.329071998596191,4.262209892272949,0.9995356202125549,649.1293334960938,0.0
scan9,subset_uniform,2pct,3,24,16,False,True,0.006245010532438755,0.006245010532438755,0.006245010532438755,0.0,0.0,10.179381370544434,4.074742794036865,0.9998456835746765,653.9602661132812,0.0
scan9,subset_uniform,2pct,4,32,16,False,True,0.0059392573311924934,0.0059392573311924934,0.0059392573311924934,0.0,0.0,8.383407592773438,3.8146634101867676,1.0,649.0614624023438,0.0
scan9,subset_uniform,2pct,5,40,15,True,False,0.005611225962638855,0.005611225962638855,0.005553250201046467,0.0,5.797576159238815e-05,8.048295021057129,3.4528985023498535,1.0,657.237548828125,0.0
scan10,subset_middle,5pct,0,24,14,True,True,0.004041743464767933,0.003998677246272564,0.0038403773214668036,4.306621849536896e-05,0.00020136614330112934,4.2544074058532715,2.905585527420044,1.0,655.5402221679688,0.0
scan10,subset_middle,5pct,1,0,14,True,True,0.004299377091228962,0.0042581879533827305,0.004204561002552509,4.118913784623146e-05,9.481608867645264e-05,6.521783351898193,2.7659451961517334,0.9998117685317993,627.20556640625,0.0
scan10,subset_middle,5pct,2,1,13,True,True,0.004711680579930544,0.004711680579930544,0.004530621226876974,0.0,0.0001810593530535698,4.680939197540283,3.1682121753692627,1.0,630.6524658203125,0.0
scan10,subset_middle,5pct,3,2,12,True,False,0.005029561463743448,0.005029561463743448,0.004848916083574295,0.0,0.0001806453801691532,5.489563465118408,3.3959827423095703,1.0,635.2680053710938,0.0
scan10,subset_middle,5pct,4,3,16,False,True,0.00400318531319499,0.00398319261148572,0.00398319261148572,1.9992701709270477e-05,1.9992701709270477e-05,5.93264627456665,2.5549464225769043,0.9994934797286987,644.4166870117188,0.0
scan10,subset_middle,5pct,5,4,16,False,True,0.003313959576189518,0.0032756798900663853,0.0032756798900663853,3.8279686123132706e-05,3.8279686123132706e-05,3.077713966369629,2.077880620956421,1.0,640.0117797851562,0.0
scan10,subset_middle,2pct,0,24,15,True,True,0.003860633121803403,0.0038621057756245136,0.0038403773214668036,-1.4726538211107254e-06,2.025580033659935e-05,3.9684641361236572,2.7721498012542725,1.0,655.5317993164062,0.0
scan10,subset_middle,2pct,1,0,14,True,True,0.0042581879533827305,0.0042581879533827305,0.004204561002552509,0.0,5.3626950830221176e-05,6.545738220214844,2.7394468784332275,0.9998117685317993,627.2053833007812,0.0
scan10,subset_middle,2pct,2,1,14,True,True,0.004515571519732475,0.004515571519732475,0.004530621226876974,0.0,-1.5049707144498825e-05,4.450013160705566,3.0316691398620605,1.0,630.6415405273438,0.0
scan10,subset_middle,2pct,3,2,13,True,False,0.004903980530798435,0.004903980530798435,0.004848916083574295,0.0,5.506444722414017e-05,5.25783634185791,3.305227518081665,1.0,635.2572021484375,0.0
scan10,subset_middle,2pct,4,3,16,False,True,0.004067560657858849,0.00398319261148572,0.00398319261148572,8.436804637312889e-05,8.436804637312889e-05,5.917619228363037,2.595646858215332,0.9994934797286987,644.4165649414062,0.0
scan10,subset_middle,2pct,5,4,16,False,True,0.0033837538212537766,0.0032756798900663853,0.0032756798900663853,0.00010807393118739128,0.00010807393118739128,3.087991714477539,2.119065284729004,1.0,640.0113525390625,0.0
scan10,subset_uniform,5pct,0,0,11,True,False,0.0030172558035701513,0.0030172558035701513,0.0030962012242525816,0.0,-7.894542068243027e-05,3.025301933288574,1.9336967468261719,0.9999999403953552,627.2977905273438,0.0
scan10,subset_uniform,5pct,1,8,11,True,False,0.003234179224818945,0.003234179224818945,0.0031796821858733892,0.0,5.449703894555569e-05,3.014862537384033,2.208085536956787,1.0,642.130859375,0.0
scan10,subset_uniform,5pct,2,16,12,True,True,0.0032419811468571424,0.0032419811468571424,0.003264554077759385,0.0,-2.257293090224266e-05,3.098179817199707,2.227841854095459,1.0,655.1325073242188,0.0
scan10,subset_uniform,5pct,3,24,14,True,True,0.0034357032272964716,0.003325359895825386,0.0032205490861088037,0.00011034333147108555,0.00021515414118766785,3.3396260738372803,2.43105411529541,1.0,655.5541381835938,0.0
scan10,subset_uniform,5pct,4,32,13,True,True,0.003774375654757023,0.0036870306357741356,0.0036407606676220894,8.734501898288727e-05,0.00013361498713493347,3.7856714725494385,2.6385934352874756,1.0,659.6640625,0.0
scan10,subset_uniform,5pct,5,40,13,True,True,0.006036318372935057,0.006016795057803392,0.0058563100174069405,1.9523315131664276e-05,0.00018000835552811623,8.805807113647461,4.057095527648926,1.0,681.24072265625,0.0
scan10,subset_uniform,2pct,0,0,11,True,False,0.0030172558035701513,0.0030172558035701513,0.0030962012242525816,0.0,-7.894542068243027e-05,3.025301933288574,1.9336967468261719,0.9999999403953552,627.2977905273438,0.0
scan10,subset_uniform,2pct,1,8,11,True,False,0.003234179224818945,0.003234179224818945,0.0031796821858733892,0.0,5.449703894555569e-05,3.014862537384033,2.208085536956787,1.0,642.130859375,0.0
scan10,subset_uniform,2pct,2,16,12,True,True,0.0032419811468571424,0.0032419811468571424,0.003264554077759385,0.0,-2.257293090224266e-05,3.098179817199707,2.227841854095459,1.0,655.1325073242188,0.0
scan10,subset_uniform,2pct,3,24,15,True,True,0.003473401302471757,0.0032699895091354847,0.0032205490861088037,0.00020341179333627224,0.0002528522163629532,3.2685928344726562,2.4495837688446045,1.0,655.5457763671875,0.0
scan10,subset_uniform,2pct,4,32,13,True,True,0.003774375654757023,0.0036870306357741356,0.0036407606676220894,8.734501898288727e-05,0.00013361498713493347,3.7856714725494385,2.6385934352874756,1.0,659.6640625,0.0
scan10,subset_uniform,2pct,5,40,14,True,True,0.005709378514438868,0.005879520904272795,0.0058563100174069405,-0.00017014238983392715,-0.0001469315029680729,8.411142349243164,3.8207247257232666,1.0,681.23046875,0.0
scan11,subset_middle,5pct,0,24,15,True,True,0.0058016483671963215,0.005903529468923807,0.005807994399219751,-0.00010188110172748566,-6.346032023429871e-06,11.556557655334473,3.833408832550049,0.999991774559021,649.9850463867188,0.0
scan11,subset_middle,5pct,1,0,14,True,True,0.007679169066250324,0.00771703477948904,0.007516474928706884,-3.7865713238716125e-05,0.00016269413754343987,10.952795028686523,4.8737311363220215,1.0,624.3109741210938,0.0
scan11,subset_middle,5pct,2,1,14,True,True,0.0069114044308662415,0.006936514284461737,0.0067700669169425964,-2.5109853595495224e-05,0.00014133751392364502,10.36085033416748,4.427116394042969,1.0,630.0026245117188,0.0
scan11,subset_middle,5pct,3,2,12,True,False,0.007476266473531723,0.007476266473531723,0.00720139080658555,0.0,0.0002748756669461727,10.83493423461914,4.734244346618652,1.0,633.1251831054688,0.0
scan11,subset_middle,5pct,4,3,12,True,False,0.007626435719430447,0.007626435719430447,0.007466583978384733,0.0,0.00015985174104571342,11.0929536819458,4.7238240242004395,1.0,631.58203125,0.0
scan11,subset_middle,5pct,5,4,13,True,True,0.007596204522997141,0.007596204522997141,0.007515653967857361,0.0,8.055055513978004e-05,13.388081550598145,4.608564853668213,0.9987494945526123,620.7822265625,0.0
scan11,subset_middle,2pct,0,24,15,True,True,0.005869786720722914,0.005903529468923807,0.005807994399219751,-3.37427482008934e-05,6.179232150316238e-05,11.558836936950684,3.8774631023406982,0.999991774559021,649.9863891601562,0.0
scan11,subset_middle,2pct,1,0,15,True,True,0.0074980417266488075,0.007538121193647385,0.007516474928706884,-4.007946699857712e-05,-1.843320205807686e-05,10.906660079956055,4.7631072998046875,1.0,624.3056640625,0.0
scan11,subset_middle,2pct,2,1,15,True,True,0.006741712335497141,0.0067777191288769245,0.0067700669169425964,-3.600679337978363e-05,-2.835458144545555e-05,10.29494571685791,4.323690414428711,1.0,629.9973754882812,0.0
scan11,subset_middle,2pct,3,2,13,True,False,0.007185397669672966,0.007185397669672966,0.00720139080658555,0.0,-1.5993136912584305e-05,10.645132064819336,4.546571254730225,1.0,633.1204833984375,0.0
scan11,subset_middle,2pct,4,3,13,True,False,0.007373534142971039,0.007373534142971039,0.007466583978384733,0.0,-9.304983541369438e-05,10.90359115600586,4.559969902038574,1.0,631.5777587890625,0.0
scan11,subset_middle,2pct,5,4,13,True,False,0.007596204522997141,0.007596204522997141,0.007515653967857361,0.0,8.055055513978004e-05,13.388081550598145,4.608564853668213,0.9987494945526123,620.7822265625,0.0
scan11,subset_uniform,5pct,0,0,13,True,True,0.006816816050559282,0.0067970165982842445,0.006597071420401335,1.9799452275037766e-05,0.00021974463015794754,11.116026878356934,4.3242011070251465,1.0,624.3652954101562,0.0
scan11,subset_uniform,5pct,1,8,11,True,False,0.006151279900223017,0.006151279900223017,0.005872352048754692,0.0,0.00027892785146832466,10.367724418640137,3.958528757095337,0.9999999403953552,639.973388671875,0.0
scan11,subset_uniform,5pct,2,16,12,True,True,0.00593117531388998,0.00593117531388998,0.005879092961549759,0.0,5.2082352340221405e-05,10.962985038757324,3.8317267894744873,0.9999999403953552,643.0734252929688,0.0
scan11,subset_uniform,5pct,3,24,13,True,True,0.005054153501987457,0.005048486869782209,0.004998770076781511,5.666632205247879e-06,5.538342520594597e-05,11.63055419921875,3.379995107650757,1.0,649.9642944335938,0.0
scan11,subset_uniform,5pct,4,32,13,True,True,0.004503630567342043,0.004503743257373571,0.004356368910521269,-1.126900315284729e-07,0.00014726165682077408,6.543119430541992,2.8467836380004883,1.0,654.1136474609375,0.0
scan11,subset_uniform,5pct,5,40,14,True,True,0.006002593319863081,0.006009487900882959,0.005797107238322496,-6.8945810198783875e-06,0.00020548608154058456,11.871009826660156,3.7035038471221924,0.9991469979286194,661.83251953125,0.0
scan11,subset_uniform,2pct,0,0,14,True,True,0.0067067863419651985,0.006699206307530403,0.006597071420401335,7.58003443479538e-06,0.00010971492156386375,11.051199913024902,4.257882118225098,1.0,624.3582763671875,0.0
scan11,subset_uniform,2pct,1,8,12,True,False,0.005801585037261248,0.005801585037261248,0.005872352048754692,0.0,-7.076701149344444e-05,10.20958137512207,3.7377355098724365,0.9999999403953552,639.9697265625,0.0
scan11,subset_uniform,2pct,2,16,12,True,False,0.00593117531388998,0.00593117531388998,0.005879092961549759,0.0,5.2082352340221405e-05,10.962985038757324,3.8317267894744873,0.9999999403953552,643.0734252929688,0.0
scan11,subset_uniform,2pct,3,24,13,True,True,0.005048486869782209,0.005048486869782209,0.004998770076781511,0.0,4.971679300069809e-05,11.625384330749512,3.3758397102355957,1.0,649.964111328125,0.0
scan11,subset_uniform,2pct,4,32,14,True,True,0.0043338448740541935,0.0043301330879330635,0.004356368910521269,3.7117861211299896e-06,-2.2524036467075348e-05,6.482487201690674,2.7438368797302246,1.0,654.1083374023438,0.0
scan11,subset_uniform,2pct,5,40,15,True,True,0.005858514923602343,0.0058520520105957985,0.005797107238322496,6.462913006544113e-06,6.140768527984619e-05,11.842345237731934,3.6155600547790527,0.9991211295127869,661.8265991210938,0.0
scan12,subset_middle,5pct,0,24,14,True,False,0.012869104743003845,0.012869104743003845,0.012426581233739853,0.0,0.0004425235092639923,48.47141647338867,10.959465026855469,0.9709965586662292,664.8865966796875,0.0
scan12,subset_middle,5pct,1,0,15,True,True,0.0050960625521838665,0.0050960625521838665,0.004975432530045509,0.0,0.00012063002213835716,5.7528181076049805,3.310567855834961,1.0,645.2794799804688,0.0
scan12,subset_middle,5pct,2,1,15,True,True,0.005334109999239445,0.005334109999239445,0.005113944411277771,0.0,0.00022016558796167374,5.150893688201904,3.4593889713287354,1.0,645.7227783203125,0.0
scan12,subset_middle,5pct,3,2,15,True,True,0.006071047857403755,0.006071047857403755,0.005981894209980965,0.0,8.915364742279053e-05,6.078349590301514,3.9766509532928467,0.9999999403953552,648.33056640625,0.0
scan12,subset_middle,5pct,4,3,14,True,False,0.006205770652741194,0.006205770652741194,0.006030912045389414,0.0,0.00017485860735177994,6.055849552154541,4.004313945770264,1.0,648.093017578125,0.0
scan12,subset_middle,5pct,5,4,15,True,True,0.005896877031773329,0.005896877031773329,0.005781597923487425,0.0,0.00011527910828590393,8.945051193237305,3.7620134353637695,0.9990159869194031,639.7843017578125,0.0
scan12,subset_middle,2pct,0,24,15,True,False,0.012565992772579193,0.012565992772579193,0.012426581233739853,0.0,0.0001394115388393402,48.59025192260742,10.773332595825195,0.9709965586662292,664.884521484375,0.0
scan12,subset_middle,2pct,1,0,16,False,True,0.004975432530045509,0.004975432530045509,0.004975432530045509,0.0,0.0,5.512521743774414,3.228224039077759,1.0,645.2774047851562,0.0
scan12,subset_middle,2pct,2,1,16,False,True,0.005113944411277771,0.005113944411277771,0.005113944411277771,0.0,0.0,4.896920204162598,3.313588857650757,1.0,645.7211303710938,0.0
scan12,subset_middle,2pct,3,2,15,True,False,0.006071047857403755,0.006071047857403755,0.005981894209980965,0.0,8.915364742279053e-05,6.078349590301514,3.9766509532928467,0.9999999403953552,648.33056640625,0.0
scan12,subset_middle,2pct,4,3,15,True,False,0.005984263028949499,0.005984263028949499,0.006030912045389414,0.0,-4.66490164399147e-05,5.755941390991211,3.857464075088501,1.0,648.09130859375,0.0
scan12,subset_middle,2pct,5,4,15,True,False,0.005896877031773329,0.005896877031773329,0.005781597923487425,0.0,0.00011527910828590393,8.945051193237305,3.7620134353637695,0.9990159869194031,639.7843017578125,0.0
scan12,subset_uniform,5pct,0,0,15,True,True,0.004683671053498983,0.004668722860515118,0.004606348928064108,1.4948192983865738e-05,7.732212543487549e-05,4.67542028427124,3.013261556625366,1.0,645.3290405273438,0.0
scan12,subset_uniform,5pct,1,8,14,True,True,0.0056954422034323215,0.0056954422034323215,0.0054995291866362095,0.0,0.00019591301679611206,15.017168045043945,3.9538421630859375,0.9941207766532898,653.062255859375,0.0
scan12,subset_uniform,5pct,2,16,15,True,True,0.004702030681073666,0.0047134580090641975,0.004734836984425783,-1.1427327990531921e-05,-3.280630335211754e-05,12.236085891723633,3.132181406021118,0.996555745601654,658.0759887695312,0.0
scan12,subset_uniform,5pct,3,24,13,True,False,0.012801292352378368,0.012801292352378368,0.012192447669804096,0.0,0.0006088446825742722,48.336326599121094,10.90854549407959,0.9709965586662292,664.8807373046875,0.0
scan12,subset_uniform,5pct,4,32,14,True,True,0.011468532495200634,0.011468532495200634,0.011099510826170444,0.0,0.0003690216690301895,57.249061584472656,10.539134979248047,0.9807651042938232,666.9302368164062,0.0
scan12,subset_uniform,5pct,5,40,13,True,False,0.04886123165488243,0.04886123165488243,0.046667613089084625,0.0,0.002193618565797806,121.13909149169922,40.372196197509766,0.9090945720672607,686.2952270507812,0.0
scan12,subset_uniform,2pct,0,0,15,True,False,0.004668722860515118,0.004668722860515118,0.004606348928064108,0.0,6.237393245100975e-05,4.68847131729126,3.004932403564453,1.0,645.3299560546875,0.0
scan12,subset_uniform,2pct,1,8,15,True,False,0.005526926834136248,0.005526926834136248,0.0054995291866362095,0.0,2.7397647500038147e-05,15.080940246582031,3.847994804382324,0.9941207766532898,653.0591430664062,0.0
scan12,subset_uniform,2pct,2,16,15,True,False,0.0047134580090641975,0.0047134580090641975,0.004734836984425783,0.0,-2.1378975361585617e-05,12.243755340576172,3.139890193939209,0.996555745601654,658.076904296875,0.0
scan12,subset_uniform,2pct,3,24,15,True,False,0.012241272255778313,0.012241272255778313,0.012192447669804096,0.0,4.882458597421646e-05,48.57533645629883,10.561446189880371,0.9709965586662292,664.8743286132812,0.0
scan12,subset_uniform,2pct,4,32,15,True,False,0.011191071942448616,0.011191071942448616,0.011099510826170444,0.0,9.156111627817154e-05,57.34326934814453,10.36940860748291,0.9807651042938232,666.9281005859375,0.0
scan12,subset_uniform,2pct,5,40,15,True,False,0.04689663276076317,0.04689663276076317,0.046667613089084625,0.0,0.0002290196716785431,120.2135238647461,39.09530258178711,0.9090945720672607,686.2861938476562,0.0
scan15,subset_middle,5pct,0,24,15,True,False,0.010944186709821224,0.010944186709821224,0.010590092279016972,0.0,0.0003540944308042526,12.135387420654297,7.389460563659668,0.9999999403953552,662.795654296875,0.0
scan15,subset_middle,5pct,1,0,15,True,False,0.00795404426753521,0.00795404426753521,0.007616203743964434,0.0,0.000337840523570776,8.924882888793945,5.237332344055176,0.9998418688774109,644.5158081054688,0.0
scan15,subset_middle,5pct,2,1,15,True,False,0.009421959519386292,0.009421959519386292,0.008999649435281754,0.0,0.00042231008410453796,9.59060287475586,6.292944431304932,0.9999353289604187,652.03662109375,0.0
scan15,subset_middle,5pct,3,2,15,True,False,0.009873319417238235,0.009873319417238235,0.009506492875516415,0.0,0.00036682654172182083,10.549171447753906,6.590404510498047,0.9999999403953552,645.9215087890625,0.0
scan15,subset_middle,5pct,4,3,15,True,False,0.011659650132060051,0.011659650132060051,0.011225986294448376,0.0,0.00043366383761167526,13.470873832702637,7.645001411437988,0.9992437958717346,650.0023803710938,0.0
scan15,subset_middle,5pct,5,4,15,True,False,0.013311433605849743,0.013311433605849743,0.01268815528601408,0.0,0.0006232783198356628,14.040169715881348,8.519562721252441,0.9998944401741028,635.2838745117188,0.0
scan15,subset_middle,2pct,0,24,16,False,False,0.010590092279016972,0.010590092279016972,0.010590092279016972,0.0,0.0,11.963955879211426,7.149331092834473,0.9999999403953552,662.7894287109375,0.0
scan15,subset_middle,2pct,1,0,16,False,False,0.007616203743964434,0.007616203743964434,0.007616203743964434,0.0,0.0,8.649591445922852,4.982945919036865,0.9998418688774109,644.5103149414062,0.0
scan15,subset_middle,2pct,2,1,16,False,False,0.008999649435281754,0.008999649435281754,0.008999649435281754,0.0,0.0,9.32254409790039,5.995231628417969,0.999927282333374,652.0314331054688,0.0
scan15,subset_middle,2pct,3,2,16,False,False,0.009506492875516415,0.009506492875516415,0.009506492875516415,0.0,0.0,10.254992485046387,6.321958065032959,0.9999999403953552,645.9161376953125,0.0
scan15,subset_middle,2pct,4,3,16,False,False,0.011225986294448376,0.011225986294448376,0.011225986294448376,0.0,0.0,13.187981605529785,7.339008808135986,0.9992542862892151,649.9973754882812,0.0
scan15,subset_middle,2pct,5,4,16,False,False,0.01268815528601408,0.01268815528601408,0.01268815528601408,0.0,0.0,13.466111183166504,8.071154594421387,0.9998643398284912,635.279296875,0.0
scan15,subset_uniform,5pct,0,0,15,True,False,0.007615750655531883,0.007615750655531883,0.00725763151422143,0.0,0.0003581191413104534,8.743087768554688,4.962082862854004,0.9999162554740906,644.5742797851562,0.0
scan15,subset_uniform,5pct,1,8,16,False,True,0.0089966906234622,0.0089966906234622,0.0089966906234622,0.0,0.0,9.995071411132812,5.9609222412109375,1.0,651.4903564453125,0.0
scan15,subset_uniform,5pct,2,16,16,False,True,0.009982212446630001,0.009982212446630001,0.009982212446630001,0.0,0.0,12.293042182922363,6.623233795166016,0.9999287128448486,654.45361328125,0.0
scan15,subset_uniform,5pct,3,24,16,False,True,0.009118740446865559,0.009118740446865559,0.009118740446865559,0.0,0.0,11.478842735290527,6.119638442993164,0.9999999403953552,662.827392578125,0.0
scan15,subset_uniform,5pct,4,32,16,False,True,0.00846855528652668,0.00846855528652668,0.00846855528652668,0.0,0.0,11.868313789367676,5.657534122467041,0.9999790191650391,660.8863525390625,0.0
scan15,subset_uniform,5pct,5,40,16,False,True,0.010578017681837082,0.010578017681837082,0.010578017681837082,0.0,0.0,15.254783630371094,6.843565464019775,0.9979768395423889,664.7022094726562,0.0
scan15,subset_uniform,2pct,0,0,16,False,False,0.00725763151422143,0.00725763151422143,0.00725763151422143,0.0,0.0,8.534934997558594,4.706145763397217,0.9999162554740906,644.5672607421875,0.0
scan15,subset_uniform,2pct,1,8,16,False,False,0.0089966906234622,0.0089966906234622,0.0089966906234622,0.0,0.0,9.995071411132812,5.9609222412109375,1.0,651.4903564453125,0.0
scan15,subset_uniform,2pct,2,16,16,False,False,0.009982212446630001,0.009982212446630001,0.009982212446630001,0.0,0.0,12.293042182922363,6.623233795166016,0.9999287128448486,654.45361328125,0.0
scan15,subset_uniform,2pct,3,24,16,False,False,0.009118740446865559,0.009118740446865559,0.009118740446865559,0.0,0.0,11.478842735290527,6.119638442993164,0.9999999403953552,662.827392578125,0.0
scan15,subset_uniform,2pct,4,32,16,False,False,0.00846855528652668,0.00846855528652668,0.00846855528652668,0.0,0.0,11.868313789367676,5.657534122467041,0.9999790191650391,660.8863525390625,0.0
scan15,subset_uniform,2pct,5,40,16,False,False,0.010578017681837082,0.010578017681837082,0.010578017681837082,0.0,0.0,15.254783630371094,6.843565464019775,0.9979768395423889,664.7022094726562,0.0
scan23,subset_middle,5pct,0,24,15,True,False,0.007193966303020716,0.007193966303020716,0.006856135092675686,0.0,0.00033783121034502983,8.471785545349121,5.118049144744873,1.0,677.701171875,0.0
scan23,subset_middle,5pct,1,0,16,False,True,0.008910669945180416,0.008910669945180416,0.008910669945180416,0.0,0.0,10.509223937988281,5.978943347930908,1.0,689.0574951171875,0.0
scan23,subset_middle,5pct,2,1,16,False,True,0.007579379249364138,0.007579379249364138,0.007579379249364138,0.0,0.0,8.850183486938477,5.256807804107666,1.0,684.5535278320312,0.0
scan23,subset_middle,5pct,3,2,16,False,True,0.007196406368166208,0.007196406368166208,0.007196406368166208,0.0,0.0,8.011093139648438,5.066381454467773,1.0,677.85400390625,0.0
scan23,subset_middle,5pct,4,3,15,True,False,0.007134614046663046,0.007134614046663046,0.006839199457317591,0.0,0.00029541458934545517,7.977427005767822,5.033648490905762,1.0,669.62548828125,0.0
scan23,subset_middle,5pct,5,4,15,True,False,0.007716280873864889,0.007716280873864889,0.007461511995643377,0.0,0.00025476887822151184,9.756468772888184,5.498805522918701,0.9999036192893982,670.6346435546875,0.0
scan23,subset_middle,2pct,0,24,16,False,False,0.006856135092675686,0.006856135092675686,0.006856135092675686,0.0,0.0,8.292993545532227,4.878609657287598,1.0,677.6936645507812,0.0
scan23,subset_middle,2pct,1,0,16,False,False,0.008910669945180416,0.008910669945180416,0.008910669945180416,0.0,0.0,10.509223937988281,5.978943347930908,1.0,689.0574951171875,0.0
scan23,subset_middle,2pct,2,1,16,False,False,0.007579379249364138,0.007579379249364138,0.007579379249364138,0.0,0.0,8.850183486938477,5.256807804107666,1.0,684.5535278320312,0.0
scan23,subset_middle,2pct,3,2,16,False,False,0.007196406368166208,0.007196406368166208,0.007196406368166208,0.0,0.0,8.011093139648438,5.066381454467773,1.0,677.85400390625,0.0
scan23,subset_middle,2pct,4,3,16,False,False,0.006839199457317591,0.006839199457317591,0.006839199457317591,0.0,0.0,7.744962692260742,4.82790994644165,1.0,669.6201171875,0.0
scan23,subset_middle,2pct,5,4,16,False,False,0.007461511995643377,0.007461511995643377,0.007461511995643377,0.0,0.0,9.561625480651855,5.318628311157227,0.9999156594276428,670.6295776367188,0.0
scan23,subset_uniform,5pct,0,0,15,True,True,0.009370697662234306,0.009370697662234306,0.009008300490677357,0.0,0.0003623971715569496,11.495373725891113,6.338850975036621,1.0,689.1619873046875,0.0
scan23,subset_uniform,5pct,1,8,15,True,True,0.005832822062075138,0.005832822062075138,0.005757079925388098,0.0,7.574213668704033e-05,7.830995559692383,4.155150890350342,0.9998668432235718,676.9470825195312,0.0
scan23,subset_uniform,5pct,2,16,14,True,False,0.005964639130979776,0.005964639130979776,0.005787381436675787,0.0,0.0001772576943039894,10.014846801757812,4.281735897064209,0.9993183612823486,664.68505859375,0.0
scan23,subset_uniform,5pct,3,24,14,True,False,0.005537598393857479,0.005537598393857479,0.005543164908885956,0.0,-5.566515028476715e-06,7.543817520141602,3.9720897674560547,0.9998540878295898,677.8182373046875,0.0
scan23,subset_uniform,5pct,4,32,14,True,False,0.005461976397782564,0.005461976397782564,0.005437466315925121,0.0,2.4510081857442856e-05,9.264731407165527,3.902198553085327,0.9996076822280884,679.6357421875,0.0
scan23,subset_uniform,5pct,5,40,15,True,True,0.0059059420600533485,0.0059059420600533485,0.00569620355963707,0.0,0.00020973850041627884,7.963015079498291,4.205920219421387,1.0,647.5781860351562,0.0
scan23,subset_uniform,2pct,0,0,16,False,True,0.008961212821304798,0.009008300490677357,0.009008300490677357,-4.7087669372558594e-05,-4.7087669372558594e-05,11.250393867492676,6.073918342590332,1.0,689.1553955078125,0.0
scan23,subset_uniform,2pct,1,8,15,True,True,0.005832822062075138,0.005832822062075138,0.005757079925388098,0.0,7.574213668704033e-05,7.830995559692383,4.155150890350342,0.9998668432235718,676.9470825195312,0.0
scan23,subset_uniform,2pct,2,16,15,True,True,0.00576989958062768,0.00576989958062768,0.005787381436675787,0.0,-1.7481856048107147e-05,9.875795364379883,4.1430745124816895,0.9993183612823486,664.6798095703125,0.0
scan23,subset_uniform,2pct,3,24,14,True,False,0.005537598393857479,0.005537598393857479,0.005543164908885956,0.0,-5.566515028476715e-06,7.543817520141602,3.9720897674560547,0.9998540878295898,677.8182373046875,0.0
scan23,subset_uniform,2pct,4,32,14,True,False,0.005461976397782564,0.005461976397782564,0.005437466315925121,0.0,2.4510081857442856e-05,9.264731407165527,3.902198553085327,0.9996076822280884,679.6357421875,0.0
scan23,subset_uniform,2pct,5,40,16,False,True,0.0057128299959003925,0.00569620355963707,0.00569620355963707,1.662643626332283e-05,1.662643626332283e-05,7.860289096832275,4.07023286819458,1.0,647.5740356445312,0.0
scan24,subset_middle,5pct,0,24,9,True,False,0.00406059343367815,0.00406059343367815,0.004045342560857534,0.0,1.5250872820615768e-05,4.9735331535339355,2.7580149173736572,0.9999999403953552,649.0916748046875,0.0
scan24,subset_middle,5pct,1,0,9,True,False,0.006278191227465868,0.006278191227465868,0.006050230469554663,0.0,0.0002279607579112053,8.130546569824219,4.011780738830566,0.9994181394577026,631.1290283203125,0.0
scan24,subset_middle,5pct,2,1,10,True,True,0.005317322444170713,0.005317322444170713,0.005256598349660635,0.0,6.072409451007843e-05,7.983623027801514,3.500638723373413,0.9996708631515503,639.6514282226562,0.0
scan24,subset_middle,5pct,3,2,10,True,True,0.005197690334171057,0.005197690334171057,0.005348315928131342,0.0,-0.0001506255939602852,7.0875630378723145,3.3851780891418457,1.0,641.5214233398438,0.0
scan24,subset_middle,5pct,4,3,11,True,True,0.005719875451177359,0.005755787715315819,0.005589742213487625,-3.591226413846016e-05,0.0001301332376897335,7.363718509674072,3.617123603820801,0.9999105930328369,646.3246459960938,0.0
scan24,subset_middle,5pct,5,4,13,True,True,0.006509654689580202,0.006447333376854658,0.00631324015557766,6.232131272554398e-05,0.0001964145340025425,10.738037109375,3.8681132793426514,0.9986727237701416,629.3860473632812,0.0
scan24,subset_middle,2pct,0,24,9,True,False,0.00406059343367815,0.00406059343367815,0.004045342560857534,0.0,1.5250872820615768e-05,4.9735331535339355,2.7580149173736572,0.9999999403953552,649.0916748046875,0.0
scan24,subset_middle,2pct,1,0,10,True,True,0.005512766074389219,0.005512766074389219,0.006050230469554663,0.0,-0.0005374643951654434,7.795232772827148,3.5296614170074463,0.9994372129440308,631.1207885742188,0.0
scan24,subset_middle,2pct,2,1,10,True,True,0.005317322444170713,0.005317322444170713,0.005256598349660635,0.0,6.072409451007843e-05,7.983623027801514,3.500638723373413,0.9996708631515503,639.6514282226562,0.0
scan24,subset_middle,2pct,3,2,10,True,True,0.005197690334171057,0.005197690334171057,0.005348315928131342,0.0,-0.0001506255939602852,7.0875630378723145,3.3851780891418457,1.0,641.5214233398438,0.0
scan24,subset_middle,2pct,4,3,12,True,True,0.0052880034781992435,0.005491300486028194,0.005589742213487625,-0.00020329700782895088,-0.0003017387352883816,7.222349166870117,3.3575685024261475,0.9998770952224731,646.3185424804688,0.0
scan24,subset_middle,2pct,5,4,14,True,True,0.006277849432080984,0.0063219256699085236,0.00631324015557766,-4.4076237827539444e-05,-3.539072349667549e-05,10.642349243164062,3.7433106899261475,0.9986855983734131,629.380859375,0.0
scan24,subset_uniform,5pct,0,0,9,True,True,0.009086749516427517,0.009086749516427517,0.00922782439738512,0.0,-0.00014107488095760345,10.525579452514648,5.711615562438965,0.9993323087692261,631.1919555664062,0.0
scan24,subset_uniform,5pct,1,8,9,True,True,0.006127307191491127,0.006127307191491127,0.006157055031508207,0.0,-2.9747840017080307e-05,6.908596515655518,4.087385177612305,0.9999999403953552,645.0591430664062,0.0
scan24,subset_uniform,5pct,2,16,8,True,False,0.005990529432892799,0.005990529432892799,0.005858118645846844,0.0,0.00013241078704595566,6.435597896575928,4.003222942352295,0.9999999403953552,644.9669189453125,0.0
scan24,subset_uniform,5pct,3,24,9,True,True,0.004751799628138542,0.004751799628138542,0.005154709797352552,0.0,-0.00040291016921401024,5.4586920738220215,3.2191905975341797,0.9999999403953552,649.1209106445312,0.0
scan24,subset_uniform,5pct,4,32,8,True,False,0.004964245483279228,0.004964245483279228,0.0047574774362146854,0.0,0.00020676804706454277,5.673875331878662,3.360492706298828,1.0,649.5623168945312,0.0
scan24,subset_uniform,5pct,5,40,8,True,False,0.005334989167749882,0.005334989167749882,0.005506996996700764,0.0,-0.00017200782895088196,7.716662883758545,3.4621975421905518,0.9995405673980713,647.0298461914062,0.12508152425289154
scan24,subset_uniform,2pct,0,0,9,True,True,0.009086749516427517,0.009086749516427517,0.00922782439738512,0.0,-0.00014107488095760345,10.525579452514648,5.711615562438965,0.9993323087692261,631.1919555664062,0.0
scan24,subset_uniform,2pct,1,8,9,True,True,0.006127307191491127,0.006127307191491127,0.006157055031508207,0.0,-2.9747840017080307e-05,6.908596515655518,4.087385177612305,0.9999999403953552,645.0591430664062,0.0
scan24,subset_uniform,2pct,2,16,9,True,True,0.005547733511775732,0.005547733511775732,0.005858118645846844,0.0,-0.0003103851340711117,6.190328598022461,3.698136329650879,0.9999999403953552,644.9617919921875,0.0
scan24,subset_uniform,2pct,3,24,9,True,True,0.004751799628138542,0.004751799628138542,0.005154709797352552,0.0,-0.00040291016921401024,5.4586920738220215,3.2191905975341797,0.9999999403953552,649.1209106445312,0.0
scan24,subset_uniform,2pct,4,32,9,True,True,0.004518631845712662,0.004518631845712662,0.0047574774362146854,0.0,-0.0002388455905020237,5.4517035484313965,3.0581486225128174,1.0,649.5559692382812,0.0
scan24,subset_uniform,2pct,5,40,8,True,False,0.005334989167749882,0.005334989167749882,0.005506996996700764,0.0,-0.00017200782895088196,7.716662883758545,3.4621975421905518,0.9995405673980713,647.0298461914062,0.12508152425289154
scan29,subset_middle,5pct,0,24,15,True,False,0.014984485693275928,0.014984485693275928,0.014621429145336151,0.0,0.0003630565479397774,25.014535903930664,12.348891258239746,0.9992997050285339,699.9730834960938,0.0
scan29,subset_middle,5pct,1,0,16,False,True,0.007061735726892948,0.007061735726892948,0.007061735726892948,0.0,0.0,6.911570072174072,5.146402359008789,1.0,705.9260864257812,0.0
scan29,subset_middle,5pct,2,1,15,True,False,0.010159114375710487,0.010159114375710487,0.009883887134492397,0.0,0.00027522724121809006,14.231307029724121,7.708665370941162,1.0,737.353271484375,0.0
scan29,subset_middle,5pct,3,2,15,True,False,0.01144341193139553,0.01144341193139553,0.011037911288440228,0.0,0.0004055006429553032,11.728201866149902,8.372712135314941,1.0,718.3123168945312,0.0
scan29,subset_middle,5pct,4,3,16,False,True,0.014564231038093567,0.014564231038093567,0.014564231038093567,0.0,0.0,12.407702445983887,10.52090072631836,1.0,710.5691528320312,0.0
scan29,subset_middle,5pct,5,4,15,True,False,0.01904039829969406,0.01904039829969406,0.01832333207130432,0.0,0.00071706622838974,18.555049896240234,13.327674865722656,0.9980605244636536,721.0252075195312,0.0
scan29,subset_middle,2pct,0,24,16,False,False,0.014621429145336151,0.014621429145336151,0.014621429145336151,0.0,0.0,24.815399169921875,12.05955982208252,0.9992828369140625,699.9617309570312,0.0
scan29,subset_middle,2pct,1,0,16,False,False,0.007061735726892948,0.007061735726892948,0.007061735726892948,0.0,0.0,6.911570072174072,5.146402359008789,1.0,705.9260864257812,0.0
scan29,subset_middle,2pct,2,1,16,False,False,0.009883887134492397,0.009883887134492397,0.009883887134492397,0.0,0.0,14.088004112243652,7.503633499145508,1.0,737.343505859375,0.0
scan29,subset_middle,2pct,3,2,16,False,False,0.011037911288440228,0.011037911288440228,0.011037911288440228,0.0,0.0,11.459966659545898,8.089388847351074,1.0,718.302734375,0.0
scan29,subset_middle,2pct,4,3,16,False,False,0.014564231038093567,0.014564231038093567,0.014564231038093567,0.0,0.0,12.407702445983887,10.52090072631836,1.0,710.5691528320312,0.0
scan29,subset_middle,2pct,5,4,16,False,False,0.01832333207130432,0.01832333207130432,0.01832333207130432,0.0,0.0,18.15923500061035,12.89645767211914,0.9980350136756897,721.017578125,0.0
scan29,subset_uniform,5pct,0,0,15,True,False,0.0056049516424536705,0.0056049516424536705,0.005482018459588289,0.0,0.00012293318286538124,5.898453712463379,4.045276165008545,1.0,706.0008544921875,0.0
scan29,subset_uniform,5pct,1,8,16,False,True,0.008363786153495312,0.008363786153495312,0.008363786153495312,0.0,0.0,8.725040435791016,6.363243579864502,1.0,708.8148193359375,0.0
scan29,subset_uniform,5pct,2,16,16,False,True,0.00897594541311264,0.00897594541311264,0.00897594541311264,0.0,0.0,11.487184524536133,7.136963367462158,0.9998249411582947,687.8289184570312,0.0
scan29,subset_uniform,5pct,3,24,15,True,False,0.011756098829209805,0.011756098829209805,0.01124317105859518,0.0,0.000512927770614624,20.112823486328125,9.753884315490723,0.9995697140693665,700.0718383789062,0.0
scan29,subset_uniform,5pct,4,32,15,True,False,0.019949542358517647,0.019949542358517647,0.019337782636284828,0.0,0.0006117597222328186,50.6845588684082,17.017087936401367,0.9912073612213135,703.0225219726562,0.0
scan29,subset_uniform,5pct,5,40,15,True,False,0.009195034392178059,0.009195034392178059,0.009032649919390678,0.0,0.00016238447278738022,11.849666595458984,7.551251411437988,0.9999907612800598,665.0028076171875,0.0
scan29,subset_uniform,2pct,0,0,16,False,True,0.005482018459588289,0.005482018459588289,0.005482018459588289,0.0,0.0,5.8990960121154785,3.9461593627929688,1.0,705.9921875,0.0
scan29,subset_uniform,2pct,1,8,16,False,True,0.008363786153495312,0.008363786153495312,0.008363786153495312,0.0,0.0,8.725040435791016,6.363243579864502,1.0,708.8148193359375,0.0
scan29,subset_uniform,2pct,2,16,16,False,True,0.00897594541311264,0.00897594541311264,0.00897594541311264,0.0,0.0,11.487184524536133,7.136963367462158,0.9998249411582947,687.8289184570312,0.0
scan29,subset_uniform,2pct,3,24,16,False,True,0.01124317105859518,0.01124317105859518,0.01124317105859518,0.0,0.0,19.692893981933594,9.340590476989746,0.9995697140693665,700.0638427734375,0.0
scan29,subset_uniform,2pct,4,32,16,False,True,0.019337782636284828,0.019337782636284828,0.019337782636284828,0.0,0.0,49.484676361083984,16.48320770263672,0.9913439750671387,703.0153198242188,0.0
scan29,subset_uniform,2pct,5,40,15,True,False,0.009195034392178059,0.009195034392178059,0.009032649919390678,0.0,0.00016238447278738022,11.849666595458984,7.551251411437988,0.9999907612800598,665.0028076171875,0.0
scan33,subset_middle,5pct,0,24,14,True,True,0.00468353321775794,0.004650043789297342,0.004717972129583359,3.348942846059799e-05,-3.443891182541847e-05,7.147125720977783,2.9132304191589355,0.999792754650116,607.321533203125,0.0
scan33,subset_middle,5pct,1,0,11,True,False,0.07767396420240402,0.07767396420240402,0.07405580580234528,0.0,0.0036181584000587463,152.04629516601562,64.72586822509766,0.8414528369903564,614.6006469726562,0.0
scan33,subset_middle,5pct,2,1,13,True,True,0.03967772051692009,0.03961622342467308,0.037918202579021454,6.149709224700928e-05,0.0017595179378986359,99.73165893554688,32.579681396484375,0.917902946472168,602.280517578125,0.0
scan33,subset_middle,5pct,3,2,14,True,True,0.026182206347584724,0.02616714872419834,0.02563762664794922,1.5057623386383057e-05,0.0005445796996355057,77.47393035888672,20.98795509338379,0.9482548832893372,596.6536865234375,0.0
scan33,subset_middle,5pct,4,3,13,True,True,0.05334078148007393,0.05332843214273453,0.05179448053240776,1.2349337339401245e-05,0.0015463009476661682,115.5097885131836,43.20643997192383,0.882487416267395,612.530517578125,0.0
scan33,subset_middle,5pct,5,4,12,True,True,0.07644292712211609,0.07644292712211609,0.07369570434093475,0.0,0.0027472227811813354,132.1939239501953,60.069915771484375,0.8175557851791382,618.6797485351562,0.0
scan33,subset_middle,2pct,0,24,14,True,True,0.004650043789297342,0.004650043789297342,0.004717972129583359,0.0,-6.792834028601646e-05,7.127041339874268,2.892862319946289,0.999792754650116,607.3215942382812,0.0
scan33,subset_middle,2pct,1,0,13,True,False,0.07535060495138168,0.07535060495138168,0.07405580580234528,0.0,0.0012947991490364075,151.5413360595703,63.2081413269043,0.8414528369903564,614.5903930664062,0.0
scan33,subset_middle,2pct,2,1,14,True,True,0.03866572305560112,0.03866572305560112,0.037918202579021454,0.0,0.0007475204765796661,99.5067138671875,31.916303634643555,0.917902946472168,602.275146484375,0.0
scan33,subset_middle,2pct,3,2,15,True,True,0.02572491206228733,0.025702688843011856,0.02563762664794922,2.222321927547455e-05,8.728541433811188e-05,77.35948944091797,20.68572425842285,0.9482802152633667,596.6486206054688,0.0
scan33,subset_middle,2pct,4,3,14,True,True,0.05251976475119591,0.05251976475119591,0.05179448053240776,0.0,0.000725284218788147,115.25605010986328,42.647525787353516,0.8825527429580688,612.5253295898438,0.0
scan33,subset_middle,2pct,5,4,14,True,True,0.07471074163913727,0.07471074163913727,0.07369570434093475,0.0,0.0010150372982025146,131.61282348632812,58.863006591796875,0.8188497424125671,618.6703491210938,0.0
scan33,subset_uniform,5pct,0,0,12,True,False,0.07314898073673248,0.07314898073673248,0.07080504298210144,0.0,0.0023439377546310425,144.20286560058594,61.157073974609375,0.8414528369903564,614.7152099609375,0.0
scan33,subset_uniform,5pct,1,8,14,True,True,0.013947037048637867,0.014069274999201298,0.013523148372769356,-0.00012223795056343079,0.0004238886758685112,55.973594665527344,11.263547897338867,0.9780411124229431,602.6713256835938,0.0
scan33,subset_uniform,5pct,2,16,14,True,True,0.004882398992776871,0.00495769502595067,0.004854337777942419,-7.529603317379951e-05,2.8061214834451675e-05,13.656535148620605,3.174192190170288,0.9991470575332642,613.6625366210938,0.0
scan33,subset_uniform,5pct,3,24,13,True,True,0.004294366110116243,0.004294366110116243,0.004107574000954628,0.0,0.00018679210916161537,6.718430995941162,2.6620216369628906,0.999792754650116,607.3627319335938,0.0
scan33,subset_uniform,5pct,4,32,12,True,False,0.004177846014499664,0.004177846014499664,0.004038942977786064,0.0,0.00013890303671360016,4.089833736419678,2.5576083660125732,1.0,606.9424438476562,0.0
scan33,subset_uniform,5pct,5,40,13,True,True,0.004029362462460995,0.004029362462460995,0.004048328381031752,0.0,-1.8965918570756912e-05,4.226133346557617,2.4433205127716064,1.0,622.3611450195312,0.0
scan33,subset_uniform,2pct,0,0,14,True,True,0.07150483131408691,0.07150483131408691,0.07080504298210144,0.0,0.0006997883319854736,143.5604248046875,60.05281448364258,0.8414528369903564,614.7070922851562,0.0
scan33,subset_uniform,2pct,1,8,15,True,True,0.01367346104234457,0.013671002350747585,0.013523148372769356,2.4586915969848633e-06,0.00015031266957521439,55.89472961425781,11.09046459197998,0.9780526757240295,602.6692504882812,0.0
scan33,subset_uniform,2pct,2,16,15,True,True,0.004821624606847763,0.004814599175006151,0.004854337777942419,7.025431841611862e-06,-3.271317109465599e-05,13.629596710205078,3.1405868530273438,0.9991470575332642,613.6602783203125,0.0
scan33,subset_uniform,2pct,3,24,14,True,True,0.00403085071593523,0.00403085071593523,0.004107574000954628,0.0,-7.672328501939774e-05,6.601478576660156,2.4988083839416504,0.999792754650116,607.3599853515625,0.0
scan33,subset_uniform,2pct,4,32,13,True,False,0.003949030768126249,0.003949030768126249,0.004038942977786064,0.0,-8.991220965981483e-05,3.8965156078338623,2.416374683380127,1.0,606.93994140625,0.0
scan33,subset_uniform,2pct,5,40,13,True,False,0.004029362462460995,0.004029362462460995,0.004048328381031752,0.0,-1.8965918570756912e-05,4.226133346557617,2.4433205127716064,1.0,622.3611450195312,0.0
scan48,subset_middle,5pct,0,24,8,True,False,0.00509748887270689,0.00509748887270689,0.004983480088412762,0.0,0.00011400878429412842,5.312051296234131,3.4133923053741455,0.9999310374259949,679.8674926757812,0.0
scan48,subset_middle,5pct,1,0,11,True,True,0.00500577362254262,0.0049659209325909615,0.005053607281297445,3.985268995165825e-05,-4.783365875482559e-05,7.110617637634277,3.2598133087158203,0.999976634979248,647.9730834960938,0.0
scan48,subset_middle,5pct,2,1,11,True,True,0.0052843596786260605,0.005355962086468935,0.005413472652435303,-7.160240784287453e-05,-0.00012911297380924225,5.682539463043213,3.511918544769287,0.9999999403953552,657.3820190429688,0.0
scan48,subset_middle,5pct,3,2,13,True,True,0.005422654096037149,0.005037728231400251,0.004946899600327015,0.00038492586463689804,0.0004757544957101345,4.576808452606201,3.5674803256988525,1.0,665.6681518554688,0.0
scan48,subset_middle,5pct,4,3,11,True,True,0.006371467839926481,0.006364946253597736,0.006160324439406395,6.521586328744888e-06,0.0002111434005200863,9.265853881835938,4.1846513748168945,0.9992539286613464,662.1474609375,0.0
scan48,subset_middle,5pct,5,4,12,True,True,0.006068706512451172,0.006231312174350023,0.006053423974663019,-0.0001626056618988514,1.5282537788152695e-05,9.25263786315918,3.871513605117798,0.9990284442901611,653.8731689453125,0.0
scan48,subset_middle,2pct,0,24,9,True,False,0.004703231621533632,0.004703231621533632,0.004983480088412762,0.0,-0.0002802484668791294,5.048758506774902,3.1452269554138184,0.9999310374259949,679.8580322265625,0.0
scan48,subset_middle,2pct,1,0,11,True,True,0.004939759615808725,0.0049659209325909615,0.005053607281297445,-2.61613167822361e-05,-0.00011384766548871994,7.037149429321289,3.2200260162353516,0.999988317489624,647.9736938476562,0.0
scan48,subset_middle,2pct,2,1,11,True,True,0.005318921525031328,0.005355962086468935,0.005413472652435303,-3.704056143760681e-05,-9.455112740397453e-05,5.698777198791504,3.541775941848755,0.9999999403953552,657.3828125,0.0
scan48,subset_middle,2pct,3,2,13,True,True,0.005744569469243288,0.005037728231400251,0.004946899600327015,0.0007068412378430367,0.0007976698689162731,4.877729415893555,3.7950565814971924,1.0,665.6693725585938,0.0
scan48,subset_middle,2pct,4,3,13,True,True,0.006812818814069033,0.006130722817033529,0.006160324439406395,0.0006820959970355034,0.0006524943746626377,9.086007118225098,4.5010294914245605,0.9998463988304138,662.1387939453125,0.0
scan48,subset_middle,2pct,5,4,13,True,True,0.006612342782318592,0.006078886799514294,0.006053423974663019,0.0005334559828042984,0.0005589188076555729,9.346668243408203,4.234346389770508,0.9992429614067078,653.868896484375,0.0
scan48,subset_uniform,5pct,0,0,15,True,True,0.004829299636185169,0.004751957021653652,0.004692209884524345,7.734261453151703e-05,0.00013708975166082382,8.24727725982666,3.1811747550964355,0.9996141195297241,647.9982299804688,0.0
scan48,subset_uniform,5pct,1,8,13,True,True,0.004058477468788624,0.004058477468788624,0.0039096553809940815,0.0,0.0001488220877945423,5.159555912017822,2.7374165058135986,0.9996947050094604,673.5894165039062,0.0
scan48,subset_uniform,5pct,2,16,14,True,True,0.0035648271441459656,0.003568759886547923,0.003499177284538746,-3.932742401957512e-06,6.56498596072197e-05,5.49015998840332,2.421333074569702,0.9997231364250183,679.110595703125,0.0
scan48,subset_uniform,5pct,3,24,12,True,False,0.003722074441611767,0.003722074441611767,0.003605422331020236,0.0,0.0001166521105915308,4.560540199279785,2.5127580165863037,0.9999310374259949,679.8165283203125,0.0
scan48,subset_uniform,5pct,4,32,12,True,False,0.004280693829059601,0.004280693829059601,0.004141601268202066,0.0,0.0001390925608575344,4.04829216003418,2.854640483856201,1.0,679.9879150390625,0.0
scan48,subset_uniform,5pct,5,40,13,True,True,0.007047619670629501,0.007047619670629501,0.006795067805796862,0.0,0.0002525518648326397,22.148767471313477,4.788671493530273,0.995522677898407,682.9783935546875,0.0
scan48,subset_uniform,2pct,0,0,15,True,True,0.004778769798576832,0.004751957021653652,0.004692209884524345,2.6812776923179626e-05,8.655991405248642e-05,8.153008460998535,3.144885540008545,0.9996609091758728,647.998291015625,0.0
scan48,subset_uniform,2pct,1,8,14,True,True,0.003953853622078896,0.003953853622078896,0.0039096553809940815,0.0,4.419824108481407e-05,5.341579437255859,2.6705923080444336,0.9996845126152039,673.5838012695312,0.0
scan48,subset_uniform,2pct,2,16,14,True,True,0.003568759886547923,0.003568759886547923,0.003499177284538746,0.0,6.958260200917721e-05,5.479578971862793,2.423020362854004,0.9997231364250183,679.1100463867188,0.0
scan48,subset_uniform,2pct,3,24,13,True,False,0.0035802789498120546,0.0035802789498120546,0.003605422331020236,0.0,-2.514338120818138e-05,4.502568244934082,2.4168381690979004,0.9999310374259949,679.8113403320312,0.0
scan48,subset_uniform,2pct,4,32,13,True,False,0.004149272572249174,0.004149272572249174,0.004141601268202066,0.0,7.671304047107697e-06,3.9924798011779785,2.767611503601074,1.0,679.9827270507812,0.0
scan48,subset_uniform,2pct,5,40,15,True,True,0.0068404353223741055,0.006818587426096201,0.006795067805796862,2.184789627790451e-05,4.5367516577243805e-05,22.052528381347656,4.674434185028076,0.995522677898407,682.9659423828125,0.0
scan62,subset_middle,5pct,0,24,12,True,False,0.004538560751825571,0.004538560751825571,0.004459275398403406,0.0,7.928535342216492e-05,6.211946964263916,3.176910400390625,1.0,661.0027465820312,0.0
scan62,subset_middle,5pct,1,0,12,True,False,0.004346142988651991,0.004346142988651991,0.004255292005836964,0.0,9.085098281502724e-05,5.604513168334961,2.867767572402954,0.9999999403953552,638.2315063476562,0.0
scan62,subset_middle,5pct,2,1,12,True,False,0.004741348791867495,0.004741348791867495,0.004756789188832045,0.0,-1.544039696455002e-05,6.372262477874756,3.199549436569214,1.0,644.2608032226562,0.0
scan62,subset_middle,5pct,3,2,12,True,False,0.004826670046895742,0.004826670046895742,0.0046862163580954075,0.0,0.00014045368880033493,7.160451889038086,3.2505900859832764,1.0,646.1234130859375,0.0
scan62,subset_middle,5pct,4,3,14,True,True,0.004782625939697027,0.004814554937183857,0.0046423315070569515,-3.192899748682976e-05,0.00014029443264007568,9.65382194519043,3.1853926181793213,0.9983757138252258,643.3658447265625,0.0
scan62,subset_middle,5pct,5,4,14,True,True,0.006903957575559616,0.006992751732468605,0.006706437095999718,-8.879415690898895e-05,0.00019752047955989838,15.673246383666992,4.427422523498535,0.9947822690010071,641.8959350585938,0.0
scan62,subset_middle,2pct,0,24,12,True,False,0.004538560751825571,0.004538560751825571,0.004459275398403406,0.0,7.928535342216492e-05,6.211946964263916,3.176910400390625,1.0,661.0027465820312,0.0
scan62,subset_middle,2pct,1,0,13,True,True,0.004241537302732468,0.004241537302732468,0.004255292005836964,0.0,-1.3754703104496002e-05,5.565702438354492,2.8027400970458984,0.9999999403953552,638.2275390625,0.0
scan62,subset_middle,2pct,2,1,12,True,False,0.004741348791867495,0.004741348791867495,0.004756789188832045,0.0,-1.544039696455002e-05,6.372262477874756,3.199549436569214,1.0,644.2608032226562,0.0
scan62,subset_middle,2pct,3,2,13,True,True,0.004613169468939304,0.004613169468939304,0.0046862163580954075,0.0,-7.304688915610313e-05,7.1350250244140625,3.123636484146118,1.0,646.119384765625,0.0
scan62,subset_middle,2pct,4,3,15,True,True,0.004704359918832779,0.004676647484302521,0.0046423315070569515,2.771243453025818e-05,6.202841177582741e-05,9.67202377319336,3.144843578338623,0.9983757138252258,643.3613891601562,0.0
scan62,subset_middle,2pct,5,4,15,True,True,0.0065824007615447044,0.006707430817186832,0.006706437095999718,-0.000125030055642128,-0.00012403633445501328,15.511810302734375,4.230592250823975,0.9952554702758789,641.8921508789062,0.0
scan62,subset_uniform,5pct,0,0,14,True,True,0.0046120258048176765,0.0046120258048176765,0.004451945889741182,0.0,0.00016007991507649422,6.670046329498291,3.058624029159546,0.9999999403953552,638.3081665039062,0.0
scan62,subset_uniform,5pct,1,8,14,True,True,0.004200107418000698,0.004200107418000698,0.004145204089581966,0.0,5.490332841873169e-05,4.855660438537598,2.8779828548431396,1.0,650.6463623046875,0.0
scan62,subset_uniform,5pct,2,16,14,True,True,0.00398961640894413,0.00398961640894413,0.0039024334400892258,0.0,8.718296885490417e-05,5.928727149963379,2.734147548675537,0.9999999403953552,655.3551635742188,0.0
scan62,subset_uniform,5pct,3,24,13,True,False,0.004463875666260719,0.004463875666260719,0.004372426308691502,0.0,9.144935756921768e-05,6.011501312255859,3.1220552921295166,1.0,661.0253295898438,0.0
scan62,subset_uniform,5pct,4,32,13,True,False,0.004472475964576006,0.004472475964576006,0.004356142599135637,0.0,0.00011633336544036865,5.9007792472839355,3.131190538406372,1.0,666.4593505859375,0.0
scan62,subset_uniform,5pct,5,40,14,True,True,0.003613692242652178,0.003613692242652178,0.003501387545838952,0.0,0.00011230469681322575,4.671628952026367,2.3406457901000977,1.0,673.0578002929688,0.0
scan62,subset_uniform,2pct,0,0,15,True,True,0.0045304433442652225,0.0045304433442652225,0.004451945889741182,0.0,7.849745452404022e-05,6.590461730957031,3.006967782974243,0.9999999403953552,638.3032836914062,0.0
scan62,subset_uniform,2pct,1,8,14,True,False,0.004200107418000698,0.004200107418000698,0.004145204089581966,0.0,5.490332841873169e-05,4.855660438537598,2.8779828548431396,1.0,650.6463623046875,0.0
scan62,subset_uniform,2pct,2,16,15,True,True,0.0039016802329570055,0.0039016802329570055,0.0039024334400892258,0.0,-7.532071322202682e-07,5.922394275665283,2.681640863418579,0.9999999403953552,655.3519897460938,0.0
scan62,subset_uniform,2pct,3,24,14,True,False,0.004309056792408228,0.004309056792408228,0.004372426308691502,0.0,-6.33695162832737e-05,5.92642068862915,3.0173068046569824,1.0,661.0223999023438,0.0
scan62,subset_uniform,2pct,4,32,14,True,False,0.004337692633271217,0.004337692633271217,0.004356142599135637,0.0,-1.8449965864419937e-05,5.82418155670166,3.039924144744873,1.0,666.4564819335938,0.0
scan62,subset_uniform,2pct,5,40,15,True,True,0.0035123489797115326,0.0035123489797115326,0.003501387545838952,0.0,1.0961433872580528e-05,4.660421848297119,2.282153367996216,1.0,673.0523681640625,0.0
scan110,subset_middle,5pct,0,24,13,True,False,0.003739806590601802,0.003739806590601802,0.0036102591548115015,0.0,0.00012954743579030037,4.455615043640137,2.5273518562316895,1.0,656.3033447265625,0.0
scan110,subset_middle,5pct,1,0,14,True,True,0.008697406388819218,0.008697406388819218,0.008683726191520691,0.0,1.3680197298526764e-05,16.18513298034668,5.580807685852051,0.9970040917396545,652.7381591796875,0.0
scan110,subset_middle,5pct,2,1,14,True,True,0.006436323281377554,0.006436323281377554,0.0063730524852871895,0.0,6.327079609036446e-05,12.103922843933105,4.194697380065918,1.0,655.7959594726562,0.0
scan110,subset_middle,5pct,3,2,14,True,True,0.009512136690318584,0.009512136690318584,0.0093541806563735,0.0,0.00015795603394508362,32.56166076660156,6.91114616394043,0.9859463572502136,660.7677612304688,0.0
scan110,subset_middle,5pct,4,3,13,True,False,0.02617352083325386,0.02617352083325386,0.025061702355742455,0.0,0.001111818477511406,66.32849884033203,19.804685592651367,0.9464205503463745,665.7144775390625,0.0
scan110,subset_middle,5pct,5,4,13,True,False,0.06563597917556763,0.06563597917556763,0.06323044002056122,0.0,0.0024055391550064087,107.94561004638672,49.52092742919922,0.8328996300697327,672.2408447265625,0.0
scan110,subset_middle,2pct,0,24,14,True,False,0.00357766798697412,0.00357766798697412,0.0036102591548115015,0.0,-3.259116783738136e-05,4.358160495758057,2.4242095947265625,1.0,656.2972412109375,0.0
scan110,subset_middle,2pct,1,0,14,True,False,0.008697406388819218,0.008697406388819218,0.008683726191520691,0.0,1.3680197298526764e-05,16.18513298034668,5.580807685852051,0.9970040917396545,652.7381591796875,0.0
scan110,subset_middle,2pct,2,1,14,True,False,0.006436323281377554,0.006436323281377554,0.0063730524852871895,0.0,6.327079609036446e-05,12.103922843933105,4.194697380065918,1.0,655.7959594726562,0.0
scan110,subset_middle,2pct,3,2,14,True,False,0.009512136690318584,0.009512136690318584,0.0093541806563735,0.0,0.00015795603394508362,32.56166076660156,6.91114616394043,0.9859463572502136,660.7677612304688,0.0
scan110,subset_middle,2pct,4,3,14,True,False,0.02550000511109829,0.02550000511109829,0.025061702355742455,0.0,0.00043830275535583496,65.64286804199219,19.355125427246094,0.9465416073799133,665.7100830078125,0.0
scan110,subset_middle,2pct,5,4,14,True,False,0.0644550621509552,0.0644550621509552,0.06323044002056122,0.0,0.001224622130393982,106.77433776855469,48.68648910522461,0.8332615494728088,672.2360229492188,0.0
scan110,subset_uniform,5pct,0,0,13,True,True,0.009040115401148796,0.009040115401148796,0.00880295131355524,0.0,0.00023716408759355545,16.58369255065918,5.768738746643066,0.9967657923698425,652.8121337890625,0.0
scan110,subset_uniform,5pct,1,8,13,True,True,0.005467451177537441,0.005467451177537441,0.005221245344728231,0.0,0.0002462058328092098,11.16864013671875,3.6526718139648438,0.9972692728042603,658.7669677734375,0.0
scan110,subset_uniform,5pct,2,16,14,True,True,0.004953046794980764,0.004954967647790909,0.004865224473178387,-1.9208528101444244e-06,8.78223218023777e-05,7.219560623168945,3.289588689804077,1.0,659.5265502929688,0.0
scan110,subset_uniform,5pct,3,24,12,True,False,0.003756364341825247,0.003756364341825247,0.0037164969835430384,0.0,3.986735828220844e-05,4.4459052085876465,2.5342836380004883,1.0,656.358154296875,0.0
scan110,subset_uniform,5pct,4,32,12,True,False,0.0038598303217440844,0.0038598303217440844,0.0038522304967045784,0.0,7.5998250395059586e-06,5.40062952041626,2.61686110496521,1.0,655.7211303710938,0.0
scan110,subset_uniform,5pct,5,40,14,True,True,0.004979713819921017,0.00498424144461751,0.004863907117396593,-4.527624696493149e-06,0.0001158067025244236,7.643143177032471,3.287877321243286,0.999707818031311,658.7080688476562,0.0
scan110,subset_uniform,2pct,0,0,14,True,True,0.008802755735814571,0.008788135834038258,0.00880295131355524,1.4619901776313782e-05,-1.955777406692505e-07,16.335233688354492,5.626358509063721,0.9969700574874878,652.8056030273438,0.0
scan110,subset_uniform,2pct,1,8,14,True,True,0.005250653252005577,0.0052357022650539875,0.005221245344728231,1.4950986951589584e-05,2.9407907277345657e-05,10.94587516784668,3.51878023147583,0.9977743625640869,658.7614135742188,0.0
scan110,subset_uniform,2pct,2,16,14,True,True,0.004953046794980764,0.004954967647790909,0.004865224473178387,-1.9208528101444244e-06,8.78223218023777e-05,7.219560623168945,3.289588689804077,1.0,659.5265502929688,0.0
scan110,subset_uniform,2pct,3,24,12,True,False,0.003756364341825247,0.003756364341825247,0.0037164969835430384,0.0,3.986735828220844e-05,4.4459052085876465,2.5342836380004883,1.0,656.358154296875,0.0
scan110,subset_uniform,2pct,4,32,12,True,False,0.0038598303217440844,0.0038598303217440844,0.0038522304967045784,0.0,7.5998250395059586e-06,5.40062952041626,2.61686110496521,1.0,655.7211303710938,0.0
scan110,subset_uniform,2pct,5,40,15,True,True,0.004831947386264801,0.004875455517321825,0.004863907117396593,-4.3508131057024e-05,-3.195973113179207e-05,7.610443592071533,3.1954185962677,0.999707818031311,658.7034912109375,0.0
